Rank,Country,Income Group,GDP pc (PPP),DALYs (thousands),VLW (billion USD),VLW/GDP (%)
1,Serbia,Upper middle income,"28,749",38.2 (31.3<e2><80><93>47.5),6.319 (5.182<e2><80><93>7.848),3.3188 (2.7213<e2><80><93>4.1218)
2,Republic of Moldova,Upper middle income,"17,747",11.9 (10.0<e2><80><93>14.0),1.214 (1.024<e2><80><93>1.432),2.7838 (2.3471<e2><80><93>3.2825)
3,Bosnia and Herzegovina,Upper middle income,"22,512",12.8 (10.1<e2><80><93>15.9),1.652 (1.312<e2><80><93>2.053),2.3038 (1.8301<e2><80><93>2.8631)
4,Montenegro,Upper middle income,"31,064",2.4 (1.7<e2><80><93>3.1),0.420 (0.306<e2><80><93>0.546),2.1680 (1.5791<e2><80><93>2.8191)
5,Ukraine,Upper middle income,"17,665",131.9 (110.4<e2><80><93>157.9),13.399 (11.211<e2><80><93>16.041),2.1512 (1.7999<e2><80><93>2.5753)
6,Belarus,Upper middle income,"30,834",32.0 (28.0<e2><80><93>36.3),5.681 (4.960<e2><80><93>6.435),2.0074 (1.7526<e2><80><93>2.2740)
7,North Macedonia,Upper middle income,"24,532",6.3 (5.3<e2><80><93>7.7),0.892 (0.744<e2><80><93>1.093),1.9890 (1.6602<e2><80><93>2.4364)
8,Argentina,Upper middle income,"30,221",136.3 (119.4<e2><80><93>153.9),23.692 (20.753<e2><80><93>26.734),1.7215 (1.5080<e2><80><93>1.9425)
9,Armenia,Upper middle income,"21,534",8.6 (7.4<e2><80><93>10.0),1.066 (0.913<e2><80><93>1.241),1.6693 (1.4303<e2><80><93>1.9438)
10,Georgia,Upper middle income,"25,072",9.6 (8.0<e2><80><93>11.5),1.386 (1.156<e2><80><93>1.655),1.4881 (1.2410<e2><80><93>1.7769)
11,Dominica,Upper middle income,"20,286",0.2 (0.1<e2><80><93>0.2),0.018 (0.013<e2><80><93>0.024),1.3315 (0.9749<e2><80><93>1.7446)
12,Grenada,Upper middle income,"18,971",0.3 (0.2<e2><80><93>0.3),0.029 (0.023<e2><80><93>0.035),1.3002 (1.0293<e2><80><93>1.5976)
13,Albania,Upper middle income,"24,129",5.3 (3.8<e2><80><93>6.7),0.733 (0.533<e2><80><93>0.934),1.2585 (0.9150<e2><80><93>1.6036)
14,Lebanon,Lower middle income,"12,575",11.6 (8.6<e2><80><93>15.3),0.838 (0.624<e2><80><93>1.107),1.1539 (0.8602<e2><80><93>1.5250)
15,Saint Lucia,Upper middle income,"25,975",0.4 (0.3<e2><80><93>0.4),0.053 (0.042<e2><80><93>0.065),1.1381 (0.9019<e2><80><93>1.3889)
16,China,Upper middle income,"25,179","2,765.6 (2,343.1<e2><80><93>3,304.8)",400.374 (339.201<e2><80><93>478.427),1.1272 (0.9549<e2><80><93>1.3469)
17,Thailand,Upper middle income,"23,519",139.5 (110.0<e2><80><93>174.2),18.862 (14.869<e2><80><93>23.550),1.1185 (0.8817<e2><80><93>1.3965)
18,Mauritius,Upper middle income,"29,561",2.4 (2.0<e2><80><93>2.9),0.409 (0.342<e2><80><93>0.487),1.1086 (0.9269<e2><80><93>1.3204)
19,Saint Vincent and the Grenadines,Upper middle income,"19,820",0.2 (0.2<e2><80><93>0.2),0.022 (0.017<e2><80><93>0.027),1.0951 (0.8697<e2><80><93>1.3609)
20,Brazil,Upper middle income,"21,176",395.5 (367.3<e2><80><93>421.8),48.154 (44.718<e2><80><93>51.348),1.0770 (1.0002<e2><80><93>1.1485)
21,Mongolia,Upper middle income,"18,005",6.4 (4.8<e2><80><93>8.1),0.658 (0.494<e2><80><93>0.841),1.0506 (0.7879<e2><80><93>1.3417)
22,Cabo Verde,Upper middle income,"10,242",0.9 (0.6<e2><80><93>1.3),0.054 (0.036<e2><80><93>0.075),1.0042 (0.6822<e2><80><93>1.4054)
23,Tunisia,Lower middle income,"14,041",20.4 (14.7<e2><80><93>26.5),1.644 (1.185<e2><80><93>2.139),0.9597 (0.6919<e2><80><93>1.2488)
24,Suriname,Upper middle income,"21,110",1.0 (0.7<e2><80><93>1.4),0.120 (0.086<e2><80><93>0.165),0.9073 (0.6454<e2><80><93>1.2448)
25,El Salvador,Upper middle income,"12,680",9.7 (7.2<e2><80><93>12.7),0.710 (0.526<e2><80><93>0.926),0.8875 (0.6580<e2><80><93>1.1572)
26,Peru,Upper middle income,"17,011",51.0 (42.9<e2><80><93>61.5),4.987 (4.197<e2><80><93>6.011),0.8662 (0.7289<e2><80><93>1.0440)
27,Tuvalu,Upper middle income,"6,151",0.0 (0.0<e2><80><93>0.0),0.001 (0.000<e2><80><93>0.001),0.8518 (0.5595<e2><80><93>1.1947)
28,Bolivia (Plurinational State of),Lower middle income,"12,892",18.0 (12.5<e2><80><93>24.9),1.336 (0.923<e2><80><93>1.845),0.8463 (0.5846<e2><80><93>1.1686)
29,Dominican Republic,Upper middle income,"25,840",16.1 (11.4<e2><80><93>21.7),2.395 (1.691<e2><80><93>3.230),0.8179 (0.5775<e2><80><93>1.1030)
30,Kazakhstan,Upper middle income,"38,515",27.7 (23.9<e2><80><93>32.1),6.129 (5.287<e2><80><93>7.102),0.7827 (0.6753<e2><80><93>0.9070)
31,Libya,Upper middle income,"13,847",9.9 (6.2<e2><80><93>14.6),0.784 (0.495<e2><80><93>1.165),0.7753 (0.4897<e2><80><93>1.1515)
32,Azerbaijan,Upper middle income,"23,652",13.6 (9.8<e2><80><93>17.8),1.849 (1.328<e2><80><93>2.416),0.7699 (0.5529<e2><80><93>1.0060)
33,Jamaica,Upper middle income,"12,651",3.8 (3.1<e2><80><93>4.6),0.274 (0.223<e2><80><93>0.337),0.7639 (0.6204<e2><80><93>0.9383)
34,Paraguay,Upper middle income,"17,564",9.0 (7.2<e2><80><93>11.3),0.910 (0.730<e2><80><93>1.140),0.7573 (0.6075<e2><80><93>0.9479)
35,Iraq,Upper middle income,"14,653",57.9 (43.5<e2><80><93>72.7),4.881 (3.663<e2><80><93>6.127),0.7391 (0.5546<e2><80><93>0.9276)
36,Marshall Islands,Upper middle income,"7,549",0.0 (0.0<e2><80><93>0.1),0.002 (0.001<e2><80><93>0.004),0.7218 (0.4529<e2><80><93>1.1972)
37,South Africa,Upper middle income,"15,200",78.2 (63.5<e2><80><93>98.1),6.832 (5.546<e2><80><93>8.572),0.7111 (0.5772<e2><80><93>0.8921)
38,Colombia,Upper middle income,"20,944",63.6 (58.3<e2><80><93>69.0),7.658 (7.020<e2><80><93>8.308),0.6988 (0.6406<e2><80><93>0.7581)
39,Tonga,Upper middle income,"7,803",0.1 (0.1<e2><80><93>0.2),0.006 (0.004<e2><80><93>0.008),0.6944 (0.4480<e2><80><93>0.9715)
40,Jordan,Lower middle income,"10,412",13.5 (9.8<e2><80><93>17.9),0.811 (0.585<e2><80><93>1.074),0.6808 (0.4911<e2><80><93>0.9021)
41,Mexico,Upper middle income,"24,917",149.8 (133.7<e2><80><93>167.0),21.464 (19.155<e2><80><93>23.919),0.6639 (0.5925<e2><80><93>0.7399)
42,Egypt,Lower middle income,"18,525",125.1 (88.9<e2><80><93>166.5),13.322 (9.463<e2><80><93>17.733),0.6279 (0.4460<e2><80><93>0.8358)
43,Belize,Upper middle income,"13,730",0.4 (0.4<e2><80><93>0.5),0.035 (0.028<e2><80><93>0.042),0.6205 (0.5031<e2><80><93>0.7502)
44,Malaysia,Upper middle income,"36,467",37.3 (30.2<e2><80><93>46.0),7.811 (6.332<e2><80><93>9.649),0.6098 (0.4943<e2><80><93>0.7533)
45,Indonesia,Upper middle income,"15,416",283.7 (186.7<e2><80><93>403.0),25.147 (16.546<e2><80><93>35.717),0.5801 (0.3817<e2><80><93>0.8240)
46,Myanmar,Lower middle income,"5,953",53.4 (34.5<e2><80><93>76.5),1.827 (1.181<e2><80><93>2.619),0.5668 (0.3666<e2><80><93>0.8126)
47,Viet Nam,Lower middle income,"15,034",97.5 (63.3<e2><80><93>140.3),8.426 (5.470<e2><80><93>12.128),0.5585 (0.3625<e2><80><93>0.8039)
48,Ecuador,Upper middle income,"15,919",17.3 (15.2<e2><80><93>19.4),1.582 (1.387<e2><80><93>1.777),0.5528 (0.4847<e2><80><93>0.6210)
49,Kyrgyzstan,Lower middle income,"7,298",6.8 (5.7<e2><80><93>8.1),0.284 (0.238<e2><80><93>0.341),0.5484 (0.4586<e2><80><93>0.6582)
50,Sri Lanka,Lower middle income,"14,456",21.0 (16.8<e2><80><93>26.1),1.745 (1.400<e2><80><93>2.167),0.5476 (0.4396<e2><80><93>0.6804)
51,Fiji,Upper middle income,"14,644",0.9 (0.6<e2><80><93>1.2),0.073 (0.050<e2><80><93>0.101),0.5415 (0.3662<e2><80><93>0.7485)
52,Iran (Islamic Republic of),Upper middle income,"18,917",79.3 (55.4<e2><80><93>106.8),8.624 (6.023<e2><80><93>11.618),0.5032 (0.3514<e2><80><93>0.6778)
53,Haiti,Lower middle income,"3,292",9.3 (5.9<e2><80><93>14.7),0.176 (0.111<e2><80><93>0.277),0.4582 (0.2901<e2><80><93>0.7240)
54,Nicaragua,Lower middle income,"8,320",5.3 (3.8<e2><80><93>7.1),0.252 (0.181<e2><80><93>0.341),0.4437 (0.3186<e2><80><93>0.6008)
55,Palestine,Lower middle income,"5,950",3.9 (2.8<e2><80><93>5.1),0.134 (0.096<e2><80><93>0.176),0.4367 (0.3130<e2><80><93>0.5715)
56,Lao People's Democratic Republic,Lower middle income,"9,292",5.7 (3.7<e2><80><93>8.2),0.305 (0.196<e2><80><93>0.439),0.4287 (0.2749<e2><80><93>0.6169)
57,Solomon Islands,Lower middle income,"2,597",0.6 (0.4<e2><80><93>0.9),0.009 (0.005<e2><80><93>0.013),0.4281 (0.2645<e2><80><93>0.6397)
58,Micronesia (Federated States of),Lower middle income,"4,234",0.1 (0.1<e2><80><93>0.1),0.002 (0.001<e2><80><93>0.003),0.4088 (0.2819<e2><80><93>0.5537)
59,Philippines,Lower middle income,"10,986",80.8 (62.7<e2><80><93>99.8),5.101 (3.961<e2><80><93>6.303),0.4041 (0.3138<e2><80><93>0.4994)
60,Samoa,Upper middle income,"8,195",0.1 (0.1<e2><80><93>0.2),0.007 (0.004<e2><80><93>0.010),0.3897 (0.2447<e2><80><93>0.5731)
61,Uzbekistan,Lower middle income,"11,107",20.2 (16.8<e2><80><93>24.1),1.293 (1.075<e2><80><93>1.540),0.3264 (0.2716<e2><80><93>0.3889)
62,Morocco,Lower middle income,"9,895",21.3 (13.8<e2><80><93>31.3),1.212 (0.783<e2><80><93>1.781),0.3199 (0.2067<e2><80><93>0.4701)
63,Gabon,Upper middle income,"20,756",1.4 (0.9<e2><80><93>1.9),0.164 (0.110<e2><80><93>0.224),0.3180 (0.2135<e2><80><93>0.4338)
64,Honduras,Lower middle income,"7,178",5.9 (3.9<e2><80><93>8.5),0.243 (0.159<e2><80><93>0.350),0.3179 (0.2080<e2><80><93>0.4574)
65,Guatemala,Upper middle income,"13,745",10.0 (8.2<e2><80><93>12.0),0.789 (0.650<e2><80><93>0.952),0.3167 (0.2609<e2><80><93>0.3821)
66,Rwanda,Low income,"3,399",7.6 (4.9<e2><80><93>10.7),0.148 (0.097<e2><80><93>0.210),0.3117 (0.2037<e2><80><93>0.4426)
67,Equatorial Guinea,Upper middle income,"17,412",1.0 (0.6<e2><80><93>1.4),0.099 (0.061<e2><80><93>0.144),0.3064 (0.1910<e2><80><93>0.4475)
68,Cambodia,Lower middle income,"7,431",9.1 (5.9<e2><80><93>13.4),0.391 (0.253<e2><80><93>0.572),0.3017 (0.1951<e2><80><93>0.4421)
69,Botswana,Upper middle income,"21,012",1.3 (0.8<e2><80><93>1.9),0.155 (0.097<e2><80><93>0.233),0.2972 (0.1862<e2><80><93>0.4467)
70,Ghana,Lower middle income,"7,556",17.3 (11.5<e2><80><93>24.7),0.754 (0.499<e2><80><93>1.074),0.2952 (0.1953<e2><80><93>0.4205)
71,Mali,Low income,"3,175",12.0 (8.0<e2><80><93>16.7),0.219 (0.147<e2><80><93>0.304),0.2902 (0.1944<e2><80><93>0.4035)
72,Bangladesh,Lower middle income,"9,148",86.5 (56.2<e2><80><93>125.0),4.548 (2.955<e2><80><93>6.575),0.2899 (0.1884<e2><80><93>0.4192)
73,Djibouti,Lower middle income,"7,226",0.6 (0.4<e2><80><93>0.9),0.024 (0.015<e2><80><93>0.035),0.2827 (0.1787<e2><80><93>0.4253)
74,Turkmenistan,Upper middle income,"19,829",3.6 (2.9<e2><80><93>4.5),0.412 (0.331<e2><80><93>0.509),0.2819 (0.2266<e2><80><93>0.3488)
75,Maldives,Upper middle income,"24,786",0.3 (0.2<e2><80><93>0.3),0.036 (0.026<e2><80><93>0.048),0.2796 (0.1994<e2><80><93>0.3687)
76,Cameroon,Lower middle income,"5,411",13.6 (9.0<e2><80><93>19.5),0.422 (0.279<e2><80><93>0.607),0.2750 (0.1820<e2><80><93>0.3953)
77,Mauritania,Lower middle income,"6,966",2.3 (1.5<e2><80><93>3.4),0.094 (0.061<e2><80><93>0.135),0.2677 (0.1740<e2><80><93>0.3852)
78,Lesotho,Lower middle income,"2,881",1.1 (0.7<e2><80><93>1.5),0.018 (0.011<e2><80><93>0.025),0.2633 (0.1678<e2><80><93>0.3712)
79,Eswatini,Lower middle income,"11,300",0.6 (0.4<e2><80><93>0.8),0.037 (0.023<e2><80><93>0.054),0.2632 (0.1677<e2><80><93>0.3910)
80,Timor-Leste,Lower middle income,"4,807",0.6 (0.4<e2><80><93>0.9),0.017 (0.011<e2><80><93>0.025),0.2613 (0.1666<e2><80><93>0.3832)
81,Zimbabwe,Lower middle income,"5,791",7.4 (4.7<e2><80><93>10.4),0.246 (0.157<e2><80><93>0.346),0.2598 (0.1660<e2><80><93>0.3661)
82,Kenya,Lower middle income,"6,317",25.0 (17.3<e2><80><93>34.3),0.908 (0.630<e2><80><93>1.245),0.2597 (0.1801<e2><80><93>0.3563)
83,Algeria,Upper middle income,"16,824",20.7 (12.7<e2><80><93>30.4),2.004 (1.229<e2><80><93>2.945),0.2580 (0.1582<e2><80><93>0.3792)
84,Vanuatu,Lower middle income,"3,568",0.1 (0.1<e2><80><93>0.2),0.003 (0.002<e2><80><93>0.004),0.2491 (0.1542<e2><80><93>0.3807)
85,Bhutan,Lower middle income,"16,215",0.3 (0.2<e2><80><93>0.5),0.031 (0.019<e2><80><93>0.045),0.2429 (0.1504<e2><80><93>0.3561)
86,Papua New Guinea,Lower middle income,"4,668",4.4 (2.6<e2><80><93>7.3),0.117 (0.069<e2><80><93>0.195),0.2416 (0.1428<e2><80><93>0.4021)
87,Liberia,Low income,"1,795",2.3 (1.5<e2><80><93>3.4),0.024 (0.015<e2><80><93>0.035),0.2402 (0.1543<e2><80><93>0.3575)
88,Uganda,Low income,"3,098",20.3 (13.3<e2><80><93>28.7),0.362 (0.238<e2><80><93>0.511),0.2399 (0.1576<e2><80><93>0.3392)
89,India,Lower middle income,"10,323",591.8 (415.6<e2><80><93>819.3),35.125 (24.670<e2><80><93>48.630),0.2366 (0.1662<e2><80><93>0.3276)
90,Sudan,Low income,"2,421",20.3 (12.2<e2><80><93>30.8),0.283 (0.170<e2><80><93>0.429),0.2334 (0.1405<e2><80><93>0.3544)
91,Pakistan,Lower middle income,"6,014",94.8 (61.6<e2><80><93>137.3),3.279 (2.132<e2><80><93>4.749),0.2203 (0.1432<e2><80><93>0.3190)
92,Madagascar,Low income,"1,808",11.4 (7.2<e2><80><93>17.3),0.119 (0.075<e2><80><93>0.180),0.2107 (0.1333<e2><80><93>0.3183)
93,Congo,Lower middle income,"6,850",2.3 (1.5<e2><80><93>3.2),0.089 (0.059<e2><80><93>0.126),0.2096 (0.1403<e2><80><93>0.2986)
94,Sierra Leone,Low income,"3,368",2.8 (1.8<e2><80><93>4.0),0.054 (0.034<e2><80><93>0.077),0.1886 (0.1210<e2><80><93>0.2692)
95,Tajikistan,Lower middle income,"4,964",3.4 (2.3<e2><80><93>4.6),0.096 (0.065<e2><80><93>0.131),0.1858 (0.1267<e2><80><93>0.2537)
96,Togo,Low income,"3,154",3.0 (1.9<e2><80><93>4.3),0.054 (0.035<e2><80><93>0.078),0.1846 (0.1194<e2><80><93>0.2653)
97,Benin,Lower middle income,"4,130",4.4 (2.9<e2><80><93>6.2),0.104 (0.069<e2><80><93>0.146),0.1778 (0.1182<e2><80><93>0.2513)
98,Senegal,Lower middle income,"4,778",5.5 (3.6<e2><80><93>7.9),0.152 (0.100<e2><80><93>0.218),0.1762 (0.1161<e2><80><93>0.2522)
99,Democratic Republic of the Congo,Low income,"1,731",31.9 (20.0<e2><80><93>45.4),0.317 (0.199<e2><80><93>0.451),0.1733 (0.1089<e2><80><93>0.2466)
100,Nepal,Lower middle income,"5,395",8.9 (5.7<e2><80><93>13.1),0.277 (0.178<e2><80><93>0.405),0.1729 (0.1110<e2><80><93>0.2527)
101,Angola,Lower middle income,"9,754",10.7 (7.1<e2><80><93>15.4),0.602 (0.401<e2><80><93>0.863),0.1681 (0.1118<e2><80><93>0.2408)
102,Guinea-Bissau,Low income,"2,990",0.5 (0.3<e2><80><93>0.7),0.009 (0.006<e2><80><93>0.013),0.1421 (0.0929<e2><80><93>0.1998)
103,Burundi,Low income,"1,150",3.4 (2.2<e2><80><93>4.9),0.022 (0.014<e2><80><93>0.032),0.1419 (0.0915<e2><80><93>0.2063)
104,Central African Republic,Low income,"1,257",1.3 (0.7<e2><80><93>2.0),0.009 (0.005<e2><80><93>0.014),0.1401 (0.0815<e2><80><93>0.2233)
105,Niger,Low income,"1,875",6.2 (4.0<e2><80><93>8.6),0.067 (0.043<e2><80><93>0.093),0.1361 (0.0882<e2><80><93>0.1893)
106,Namibia,Lower middle income,"11,251",0.7 (0.4<e2><80><93>0.9),0.043 (0.029<e2><80><93>0.059),0.1291 (0.0858<e2><80><93>0.1756)
107,Burkina Faso,Low income,"2,759",5.0 (3.3<e2><80><93>6.8),0.079 (0.052<e2><80><93>0.108),0.1238 (0.0823<e2><80><93>0.1706)
108,Comoros,Lower middle income,"3,812",0.2 (0.1<e2><80><93>0.2),0.004 (0.002<e2><80><93>0.005),0.1124 (0.0746<e2><80><93>0.1601)
109,Chad,Low income,"2,700",3.7 (2.4<e2><80><93>5.5),0.058 (0.037<e2><80><93>0.086),0.1111 (0.0713<e2><80><93>0.1647)
110,Zambia,Lower middle income,"4,077",3.5 (2.3<e2><80><93>5.1),0.083 (0.053<e2><80><93>0.121),0.0984 (0.0628<e2><80><93>0.1427)
111,Sao Tome and Principe,Lower middle income,"6,150",0.0 (0.0<e2><80><93>0.1),0.001 (0.001<e2><80><93>0.002),0.0938 (0.0601<e2><80><93>0.1342)
112,Kiribati,Lower middle income,"3,486",0.0 (0.0<e2><80><93>0.0),0.000 (0.000<e2><80><93>0.001),0.0917 (0.0593<e2><80><93>0.1292)
113,United Republic of Tanzania,Lower middle income,"4,019",10.1 (6.6<e2><80><93>14.3),0.234 (0.153<e2><80><93>0.331),0.0900 (0.0591<e2><80><93>0.1276)
114,Gambia,Low income,"3,289",0.4 (0.3<e2><80><93>0.6),0.007 (0.005<e2><80><93>0.010),0.0834 (0.0556<e2><80><93>0.1183)
115,Malawi,Low income,"1,830",2.7 (1.8<e2><80><93>3.9),0.029 (0.019<e2><80><93>0.041),0.0745 (0.0488<e2><80><93>0.1070)
116,Guinea,Lower middle income,"4,334",1.8 (1.2<e2><80><93>2.6),0.045 (0.030<e2><80><93>0.064),0.0721 (0.0483<e2><80><93>0.1019)
117,Somalia,Low income,"1,556",2.2 (1.4<e2><80><93>3.3),0.019 (0.012<e2><80><93>0.029),0.0676 (0.0435<e2><80><93>0.1022)
118,Afghanistan,Low income,"2,202",4.8 (2.8<e2><80><93>9.3),0.060 (0.035<e2><80><93>0.118),0.0661 (0.0384<e2><80><93>0.1291)
119,Nigeria,Lower middle income,"8,705",25.2 (16.4<e2><80><93>35.5),1.263 (0.823<e2><80><93>1.775),0.0637 (0.0415<e2><80><93>0.0895)
120,Mozambique,Low income,"1,678",1.2 (0.8<e2><80><93>1.7),0.011 (0.007<e2><80><93>0.016),0.0199 (0.0131<e2><80><93>0.0290)
