Country,Sex,Income Group,DALYs,VLW (billion USD),VLW undiscounted (billion USD),VLW/GDP (%)
Zimbabwe,Male,Lower middle income,"3,806 (2,408<e2><80><93>5,320)",0.034 (0.021<e2><80><93>0.047),0.017 (0.011<e2><80><93>0.024),0.0355 (0.0225<e2><80><93>0.0497)
Zimbabwe,Female,Lower middle income,"3,578 (2,309<e2><80><93>5,085)",0.032 (0.020<e2><80><93>0.045),0.015 (0.010<e2><80><93>0.022),0.0334 (0.0216<e2><80><93>0.0475)
Guatemala,Male,Upper middle income,"4,348 (3,621<e2><80><93>5,195)",0.140 (0.117<e2><80><93>0.168),0.065 (0.054<e2><80><93>0.078),0.0564 (0.0469<e2><80><93>0.0673)
Guatemala,Female,Upper middle income,"5,637 (4,604<e2><80><93>6,851)",0.182 (0.149<e2><80><93>0.221),0.081 (0.066<e2><80><93>0.098),0.0731 (0.0597<e2><80><93>0.0888)
Maldives,Male,Upper middle income,140 (97<e2><80><93>185),0.011 (0.008<e2><80><93>0.014),0.005 (0.003<e2><80><93>0.006),0.0842 (0.0583<e2><80><93>0.1107)
Maldives,Female,Upper middle income,115 (85<e2><80><93>153),0.009 (0.007<e2><80><93>0.012),0.004 (0.003<e2><80><93>0.005),0.0693 (0.0511<e2><80><93>0.0916)
Micronesia (Federated States of),Male,Lower middle income,59 (40<e2><80><93>79),0.000 (0.000<e2><80><93>0.000),0.000 (0.000<e2><80><93>0.000),0.0681 (0.0465<e2><80><93>0.0917)
Micronesia (Federated States of),Female,Lower middle income,21 (15<e2><80><93>29),0.000 (0.000<e2><80><93>0.000),0.000 (0.000<e2><80><93>0.000),0.0246 (0.0175<e2><80><93>0.0339)
Mexico,Male,Upper middle income,"72,648 (64,503<e2><80><93>81,692)",5.727 (5.085<e2><80><93>6.439),2.563 (2.276<e2><80><93>2.883),0.1771 (0.1573<e2><80><93>0.1992)
Mexico,Female,Upper middle income,"77,172 (69,203<e2><80><93>85,266)",6.083 (5.455<e2><80><93>6.721),2.608 (2.338<e2><80><93>2.881),0.1882 (0.1687<e2><80><93>0.2079)
Montenegro,Male,Upper middle income,"1,409 (1,042<e2><80><93>1,819)",0.155 (0.114<e2><80><93>0.200),0.066 (0.049<e2><80><93>0.086),0.7985 (0.5901<e2><80><93>1.0306)
Montenegro,Female,Upper middle income,"942 (671<e2><80><93>1,238)",0.103 (0.074<e2><80><93>0.136),0.043 (0.030<e2><80><93>0.056),0.5335 (0.3800<e2><80><93>0.7013)
Mali,Male,Low income,"7,648 (5,074<e2><80><93>10,675)",0.027 (0.018<e2><80><93>0.038),0.014 (0.009<e2><80><93>0.020),0.0363 (0.0241<e2><80><93>0.0507)
Mali,Female,Low income,"4,350 (2,964<e2><80><93>6,007)",0.016 (0.011<e2><80><93>0.022),0.008 (0.005<e2><80><93>0.011),0.0207 (0.0141<e2><80><93>0.0285)
Angola,Male,Lower middle income,"5,655 (3,801<e2><80><93>8,013)",0.109 (0.073<e2><80><93>0.155),0.058 (0.039<e2><80><93>0.082),0.0305 (0.0205<e2><80><93>0.0432)
Angola,Female,Lower middle income,"5,088 (3,345<e2><80><93>7,378)",0.098 (0.065<e2><80><93>0.142),0.048 (0.032<e2><80><93>0.070),0.0274 (0.0180<e2><80><93>0.0397)
Benin,Male,Lower middle income,"2,401 (1,562<e2><80><93>3,379)",0.013 (0.008<e2><80><93>0.018),0.006 (0.004<e2><80><93>0.009),0.0219 (0.0143<e2><80><93>0.0308)
Benin,Female,Lower middle income,"1,963 (1,340<e2><80><93>2,788)",0.010 (0.007<e2><80><93>0.015),0.005 (0.003<e2><80><93>0.007),0.0179 (0.0122<e2><80><93>0.0254)
Djibouti,Male,Lower middle income,330 (215<e2><80><93>489),0.004 (0.003<e2><80><93>0.006),0.002 (0.001<e2><80><93>0.003),0.0488 (0.0318<e2><80><93>0.0723)
Djibouti,Female,Lower middle income,237 (143<e2><80><93>363),0.003 (0.002<e2><80><93>0.004),0.001 (0.001<e2><80><93>0.002),0.0350 (0.0211<e2><80><93>0.0537)
Congo,Male,Lower middle income,"1,048 (693<e2><80><93>1,463)",0.012 (0.008<e2><80><93>0.017),0.006 (0.004<e2><80><93>0.008),0.0281 (0.0186<e2><80><93>0.0393)
Congo,Female,Lower middle income,"1,206 (816<e2><80><93>1,747)",0.014 (0.009<e2><80><93>0.020),0.007 (0.005<e2><80><93>0.010),0.0323 (0.0219<e2><80><93>0.0469)
Egypt,Male,Lower middle income,"77,344 (55,701<e2><80><93>101,183)",3.908 (2.815<e2><80><93>5.113),1.799 (1.295<e2><80><93>2.353),0.1842 (0.1327<e2><80><93>0.2410)
Egypt,Female,Lower middle income,"47,738 (33,150<e2><80><93>65,309)",2.412 (1.675<e2><80><93>3.300),1.123 (0.780<e2><80><93>1.536),0.1137 (0.0789<e2><80><93>0.1555)
Kyrgyzstan,Male,Lower middle income,"3,475 (2,880<e2><80><93>4,139)",0.043 (0.036<e2><80><93>0.052),0.019 (0.016<e2><80><93>0.023),0.0838 (0.0694<e2><80><93>0.0998)
Kyrgyzstan,Female,Lower middle income,"3,297 (2,783<e2><80><93>3,989)",0.041 (0.035<e2><80><93>0.050),0.012 (0.007<e2><80><93>0.018),0.0795 (0.0671<e2><80><93>0.0962)
Papua New Guinea,Male,Lower middle income,"2,484 (1,448<e2><80><93>4,388)",0.016 (0.009<e2><80><93>0.028),0.008 (0.004<e2><80><93>0.014),0.0327 (0.0191<e2><80><93>0.0578)
Papua New Guinea,Female,Lower middle income,"1,883 (1,131<e2><80><93>2,877)",0.012 (0.007<e2><80><93>0.018),0.006 (0.003<e2><80><93>0.009),0.0248 (0.0149<e2><80><93>0.0379)
Saint Vincent and the Grenadines,Male,Upper middle income,113 (91<e2><80><93>141),0.006 (0.005<e2><80><93>0.008),0.003 (0.002<e2><80><93>0.004),0.3149 (0.2525<e2><80><93>0.3924)
Saint Vincent and the Grenadines,Female,Upper middle income,80 (63<e2><80><93>99),0.004 (0.004<e2><80><93>0.006),0.002 (0.001<e2><80><93>0.002),0.2225 (0.1743<e2><80><93>0.2754)
Republic of Moldova,Male,Upper middle income,"7,596 (6,411<e2><80><93>8,972)",0.360 (0.304<e2><80><93>0.425),0.159 (0.135<e2><80><93>0.188),0.8251 (0.6964<e2><80><93>0.9746)
Republic of Moldova,Female,Upper middle income,"4,304 (3,622<e2><80><93>5,060)",0.204 (0.172<e2><80><93>0.240),0.084 (0.070<e2><80><93>0.098),0.4676 (0.3935<e2><80><93>0.5497)
Dominica,Male,Upper middle income,94 (68<e2><80><93>125),0.005 (0.004<e2><80><93>0.007),0.002 (0.002<e2><80><93>0.003),0.4038 (0.2920<e2><80><93>0.5370)
Dominica,Female,Upper middle income,60 (45<e2><80><93>77),0.003 (0.003<e2><80><93>0.004),0.001 (0.001<e2><80><93>0.002),0.2573 (0.1920<e2><80><93>0.3291)
Bolivia (Plurinational State of),Male,Lower middle income,"10,365 (7,077<e2><80><93>14,404)",0.304 (0.208<e2><80><93>0.423),0.140 (0.095<e2><80><93>0.194),0.1926 (0.1315<e2><80><93>0.2677)
Bolivia (Plurinational State of),Female,Lower middle income,"7,657 (5,373<e2><80><93>10,482)",0.225 (0.158<e2><80><93>0.307),0.100 (0.070<e2><80><93>0.137),0.1423 (0.0998<e2><80><93>0.1948)
Burundi,Male,Low income,"1,953 (1,296<e2><80><93>2,886)",0.002 (0.001<e2><80><93>0.002),0.001 (0.001<e2><80><93>0.001),0.0097 (0.0064<e2><80><93>0.0143)
Burundi,Female,Low income,"1,425 (882<e2><80><93>2,026)",0.001 (0.001<e2><80><93>0.002),0.001 (0.000<e2><80><93>0.001),0.0071 (0.0044<e2><80><93>0.0101)
Malaysia,Male,Upper middle income,"21,411 (18,290<e2><80><93>25,731)",2.988 (2.553<e2><80><93>3.591),1.262 (1.078<e2><80><93>1.517),0.2333 (0.1993<e2><80><93>0.2803)
Malaysia,Female,Upper middle income,"15,843 (11,912<e2><80><93>20,290)",2.211 (1.662<e2><80><93>2.832),0.911 (0.685<e2><80><93>1.167),0.1726 (0.1298<e2><80><93>0.2211)
Tajikistan,Male,Lower middle income,"1,550 (1,056<e2><80><93>2,059)",0.011 (0.007<e2><80><93>0.014),0.005 (0.003<e2><80><93>0.006),0.0211 (0.0144<e2><80><93>0.0280)
Tajikistan,Female,Lower middle income,"1,807 (1,233<e2><80><93>2,525)",0.013 (0.009<e2><80><93>0.018),0.006 (0.004<e2><80><93>0.008),0.0246 (0.0168<e2><80><93>0.0343)
China,Male,Upper middle income,"1,781,009 (1,519,033<e2><80><93>2,082,466)",142.609 (121.632<e2><80><93>166.747),58.347 (49.765<e2><80><93>68.223),0.4015 (0.3424<e2><80><93>0.4694)
China,Female,Upper middle income,"984,617 (824,039<e2><80><93>1,222,325)",78.840 (65.982<e2><80><93>97.874),30.979 (25.927<e2><80><93>38.458),0.2220 (0.1858<e2><80><93>0.2755)
Solomon Islands,Male,Lower middle income,408 (250<e2><80><93>615),0.001 (0.001<e2><80><93>0.002),0.001 (0.000<e2><80><93>0.001),0.0521 (0.0319<e2><80><93>0.0785)
Solomon Islands,Female,Lower middle income,187 (118<e2><80><93>275),0.000 (0.000<e2><80><93>0.001),0.000 (0.000<e2><80><93>0.000),0.0239 (0.0151<e2><80><93>0.0351)
Belize,Male,Upper middle income,193 (156<e2><80><93>231),0.006 (0.005<e2><80><93>0.007),0.003 (0.002<e2><80><93>0.003),0.1102 (0.0892<e2><80><93>0.1320)
Belize,Female,Upper middle income,251 (203<e2><80><93>305),0.008 (0.007<e2><80><93>0.010),0.003 (0.003<e2><80><93>0.004),0.1433 (0.1162<e2><80><93>0.1744)
Uzbekistan,Male,Lower middle income,"11,525 (9,628<e2><80><93>13,621)",0.270 (0.226<e2><80><93>0.320),0.122 (0.102<e2><80><93>0.144),0.0683 (0.0570<e2><80><93>0.0807)
Uzbekistan,Female,Lower middle income,"8,717 (7,212<e2><80><93>10,491)",0.204 (0.169<e2><80><93>0.246),0.088 (0.073<e2><80><93>0.106),0.0516 (0.0427<e2><80><93>0.0622)
United Republic of Tanzania,Male,Lower middle income,"6,119 (4,031<e2><80><93>8,570)",0.031 (0.021<e2><80><93>0.044),0.015 (0.010<e2><80><93>0.021),0.0120 (0.0079<e2><80><93>0.0169)
United Republic of Tanzania,Female,Lower middle income,"3,988 (2,608<e2><80><93>5,755)",0.020 (0.013<e2><80><93>0.029),0.009 (0.006<e2><80><93>0.014),0.0078 (0.0051<e2><80><93>0.0113)
Nepal,Male,Lower middle income,"5,346 (3,398<e2><80><93>7,715)",0.042 (0.027<e2><80><93>0.061),0.019 (0.012<e2><80><93>0.027),0.0265 (0.0168<e2><80><93>0.0382)
Nepal,Female,Lower middle income,"3,581 (2,332<e2><80><93>5,337)",0.028 (0.019<e2><80><93>0.042),0.013 (0.008<e2><80><93>0.019),0.0178 (0.0116<e2><80><93>0.0265)
Myanmar,Male,Lower middle income,"27,763 (17,716<e2><80><93>39,933)",0.256 (0.163<e2><80><93>0.368),0.130 (0.083<e2><80><93>0.187),0.0793 (0.0506<e2><80><93>0.1141)
Myanmar,Female,Lower middle income,"25,606 (16,798<e2><80><93>36,574)",0.236 (0.155<e2><80><93>0.337),0.109 (0.072<e2><80><93>0.156),0.0731 (0.0480<e2><80><93>0.1045)
Grenada,Male,Upper middle income,154 (120<e2><80><93>189),0.008 (0.006<e2><80><93>0.010),0.004 (0.003<e2><80><93>0.004),0.3623 (0.2827<e2><80><93>0.4455)
Grenada,Female,Upper middle income,111 (90<e2><80><93>136),0.006 (0.005<e2><80><93>0.007),0.003 (0.002<e2><80><93>0.003),0.2619 (0.2115<e2><80><93>0.3215)
Sri Lanka,Male,Lower middle income,"11,547 (9,263<e2><80><93>13,949)",0.402 (0.323<e2><80><93>0.486),0.172 (0.138<e2><80><93>0.208),0.1263 (0.1013<e2><80><93>0.1525)
Sri Lanka,Female,Lower middle income,"9,443 (7,585<e2><80><93>12,128)",0.329 (0.264<e2><80><93>0.422),0.134 (0.108<e2><80><93>0.172),0.1033 (0.0829<e2><80><93>0.1326)
Suriname,Male,Upper middle income,553 (394<e2><80><93>768),0.034 (0.024<e2><80><93>0.047),0.016 (0.011<e2><80><93>0.022),0.2559 (0.1824<e2><80><93>0.3555)
Suriname,Female,Upper middle income,440 (312<e2><80><93>594),0.027 (0.019<e2><80><93>0.036),0.012 (0.008<e2><80><93>0.016),0.2036 (0.1445<e2><80><93>0.2749)
Mauritania,Male,Lower middle income,"1,195 (788<e2><80><93>1,765)",0.014 (0.009<e2><80><93>0.021),0.007 (0.004<e2><80><93>0.010),0.0398 (0.0263<e2><80><93>0.0588)
Mauritania,Female,Lower middle income,"1,144 (731<e2><80><93>1,600)",0.013 (0.009<e2><80><93>0.019),0.006 (0.004<e2><80><93>0.009),0.0381 (0.0244<e2><80><93>0.0533)
Madagascar,Male,Low income,"5,837 (3,731<e2><80><93>8,713)",0.009 (0.006<e2><80><93>0.013),0.005 (0.003<e2><80><93>0.007),0.0159 (0.0102<e2><80><93>0.0238)
Madagascar,Female,Low income,"5,596 (3,504<e2><80><93>8,559)",0.009 (0.005<e2><80><93>0.013),0.004 (0.003<e2><80><93>0.007),0.0153 (0.0096<e2><80><93>0.0234)
Jordan,Male,Lower middle income,"8,813 (6,325<e2><80><93>11,675)",0.188 (0.135<e2><80><93>0.249),0.078 (0.056<e2><80><93>0.103),0.1575 (0.1131<e2><80><93>0.2087)
Jordan,Female,Lower middle income,"4,733 (3,446<e2><80><93>6,274)",0.101 (0.073<e2><80><93>0.134),0.042 (0.031<e2><80><93>0.056),0.0846 (0.0616<e2><80><93>0.1122)
Vanuatu,Male,Lower middle income,91 (55<e2><80><93>142),0.000 (0.000<e2><80><93>0.001),0.000 (0.000<e2><80><93>0.000),0.0340 (0.0206<e2><80><93>0.0532)
Vanuatu,Female,Lower middle income,48 (31<e2><80><93>70),0.000 (0.000<e2><80><93>0.000),0.000 (0.000<e2><80><93>0.000),0.0179 (0.0115<e2><80><93>0.0260)
Albania,Male,Upper middle income,"3,406 (2,613<e2><80><93>4,283)",0.256 (0.196<e2><80><93>0.322),0.106 (0.081<e2><80><93>0.133),0.4393 (0.3369<e2><80><93>0.5523)
Albania,Female,Upper middle income,"1,878 (1,229<e2><80><93>2,450)",0.141 (0.092<e2><80><93>0.184),0.056 (0.037<e2><80><93>0.073),0.2421 (0.1585<e2><80><93>0.3159)
Ukraine,Male,Upper middle income,"81,215 (68,679<e2><80><93>97,074)",3.822 (3.232<e2><80><93>4.568),1.827 (1.545<e2><80><93>2.184),0.6135 (0.5188<e2><80><93>0.7333)
Ukraine,Female,Upper middle income,"50,708 (41,705<e2><80><93>60,860)",2.386 (1.962<e2><80><93>2.864),1.006 (0.828<e2><80><93>1.208),0.3831 (0.3151<e2><80><93>0.4598)
Zambia,Male,Lower middle income,"1,853 (1,127<e2><80><93>2,734)",0.010 (0.006<e2><80><93>0.014),0.005 (0.003<e2><80><93>0.008),0.0114 (0.0070<e2><80><93>0.0169)
Zambia,Female,Lower middle income,"1,694 (1,137<e2><80><93>2,408)",0.009 (0.006<e2><80><93>0.013),0.005 (0.003<e2><80><93>0.007),0.0105 (0.0070<e2><80><93>0.0149)
Serbia,Male,Upper middle income,"20,857 (16,845<e2><80><93>25,572)",2.038 (1.646<e2><80><93>2.498),0.877 (0.708<e2><80><93>1.075),1.0701 (0.8642<e2><80><93>1.3120)
Serbia,Female,Upper middle income,"17,373 (14,503<e2><80><93>21,910)",1.697 (1.417<e2><80><93>2.140),0.704 (0.588<e2><80><93>0.888),0.8913 (0.7441<e2><80><93>1.1241)
Argentina,Male,Upper middle income,"69,158 (61,433<e2><80><93>77,623)",7.282 (6.468<e2><80><93>8.173),3.109 (2.762<e2><80><93>3.489),0.5291 (0.4700<e2><80><93>0.5939)
Argentina,Female,Upper middle income,"67,190 (58,003<e2><80><93>76,232)",7.075 (6.107<e2><80><93>8.027),2.908 (2.510<e2><80><93>3.299),0.5140 (0.4438<e2><80><93>0.5832)
Honduras,Male,Lower middle income,"2,338 (1,519<e2><80><93>3,333)",0.028 (0.019<e2><80><93>0.041),0.012 (0.008<e2><80><93>0.018),0.0373 (0.0242<e2><80><93>0.0532)
Honduras,Female,Lower middle income,"3,548 (2,331<e2><80><93>5,135)",0.043 (0.028<e2><80><93>0.063),0.019 (0.012<e2><80><93>0.027),0.0566 (0.0372<e2><80><93>0.0819)
Ecuador,Male,Upper middle income,"8,571 (7,450<e2><80><93>9,692)",0.345 (0.300<e2><80><93>0.390),0.151 (0.131<e2><80><93>0.170),0.1205 (0.1048<e2><80><93>0.1363)
Ecuador,Female,Upper middle income,"8,717 (7,708<e2><80><93>9,729)",0.351 (0.310<e2><80><93>0.392),0.145 (0.128<e2><80><93>0.162),0.1226 (0.1084<e2><80><93>0.1368)
Cabo Verde,Male,Upper middle income,356 (233<e2><80><93>493),0.007 (0.005<e2><80><93>0.010),0.003 (0.002<e2><80><93>0.004),0.1383 (0.0904<e2><80><93>0.1913)
Cabo Verde,Female,Upper middle income,556 (387<e2><80><93>784),0.012 (0.008<e2><80><93>0.016),0.005 (0.003<e2><80><93>0.007),0.2159 (0.1502<e2><80><93>0.3044)
Lesotho,Male,Lower middle income,543 (345<e2><80><93>784),0.002 (0.001<e2><80><93>0.002),0.001 (0.001<e2><80><93>0.001),0.0253 (0.0161<e2><80><93>0.0365)
Lesotho,Female,Lower middle income,515 (329<e2><80><93>709),0.002 (0.001<e2><80><93>0.002),0.001 (0.001<e2><80><93>0.001),0.0240 (0.0153<e2><80><93>0.0330)
Iran (Islamic Republic of),Male,Upper middle income,"50,585 (35,302<e2><80><93>67,856)",2.638 (1.841<e2><80><93>3.538),1.112 (0.776<e2><80><93>1.491),0.1539 (0.1074<e2><80><93>0.2064)
Iran (Islamic Republic of),Female,Upper middle income,"28,710 (20,072<e2><80><93>38,964)",1.497 (1.047<e2><80><93>2.032),0.628 (0.439<e2><80><93>0.853),0.0873 (0.0611<e2><80><93>0.1185)
Dominican Republic,Male,Upper middle income,"9,103 (6,259<e2><80><93>12,350)",0.758 (0.521<e2><80><93>1.028),0.347 (0.239<e2><80><93>0.471),0.2588 (0.1780<e2><80><93>0.3511)
Dominican Republic,Female,Upper middle income,"7,016 (5,121<e2><80><93>9,389)",0.584 (0.426<e2><80><93>0.782),0.253 (0.185<e2><80><93>0.339),0.1995 (0.1456<e2><80><93>0.2669)
Nicaragua,Male,Lower middle income,"2,464 (1,748<e2><80><93>3,342)",0.037 (0.027<e2><80><93>0.051),0.016 (0.012<e2><80><93>0.022),0.0660 (0.0468<e2><80><93>0.0895)
Nicaragua,Female,Lower middle income,"2,801 (2,034<e2><80><93>3,788)",0.043 (0.031<e2><80><93>0.058),0.018 (0.013<e2><80><93>0.024),0.0750 (0.0545<e2><80><93>0.1015)
Nigeria,Male,Lower middle income,"14,472 (9,137<e2><80><93>19,747)",0.236 (0.149<e2><80><93>0.321),0.119 (0.075<e2><80><93>0.163),0.0119 (0.0075<e2><80><93>0.0162)
Nigeria,Female,Lower middle income,"10,770 (7,298<e2><80><93>15,716)",0.175 (0.119<e2><80><93>0.256),0.088 (0.060<e2><80><93>0.129),0.0088 (0.0060<e2><80><93>0.0129)
Fiji,Male,Upper middle income,565 (378<e2><80><93>777),0.020 (0.013<e2><80><93>0.028),0.010 (0.006<e2><80><93>0.013),0.1482 (0.0992<e2><80><93>0.2038)
Fiji,Female,Upper middle income,306 (211<e2><80><93>427),0.011 (0.007<e2><80><93>0.015),0.005 (0.003<e2><80><93>0.007),0.0803 (0.0553<e2><80><93>0.1119)
Timor-Leste,Male,Lower middle income,293 (178<e2><80><93>447),0.002 (0.001<e2><80><93>0.003),0.001 (0.001<e2><80><93>0.001),0.0294 (0.0178<e2><80><93>0.0449)
Timor-Leste,Female,Lower middle income,337 (224<e2><80><93>475),0.002 (0.001<e2><80><93>0.003),0.001 (0.001<e2><80><93>0.001),0.0338 (0.0224<e2><80><93>0.0477)
Lebanon,Male,Lower middle income,"7,092 (5,341<e2><80><93>9,274)",0.200 (0.151<e2><80><93>0.262),0.085 (0.064<e2><80><93>0.112),0.2761 (0.2079<e2><80><93>0.3610)
Lebanon,Female,Lower middle income,"4,495 (3,296<e2><80><93>6,040)",0.127 (0.093<e2><80><93>0.171),0.053 (0.039<e2><80><93>0.071),0.1750 (0.1283<e2><80><93>0.2351)
Liberia,Male,Low income,"1,343 (866<e2><80><93>2,002)",0.002 (0.001<e2><80><93>0.003),0.001 (0.001<e2><80><93>0.002),0.0208 (0.0134<e2><80><93>0.0309)
Liberia,Female,Low income,"951 (608<e2><80><93>1,413)",0.001 (0.001<e2><80><93>0.002),0.001 (0.000<e2><80><93>0.001),0.0147 (0.0094<e2><80><93>0.0218)
Morocco,Male,Lower middle income,"11,882 (7,454<e2><80><93>18,050)",0.234 (0.147<e2><80><93>0.356),0.102 (0.064<e2><80><93>0.154),0.0619 (0.0388<e2><80><93>0.0940)
Morocco,Female,Lower middle income,"9,423 (6,315<e2><80><93>13,259)",0.186 (0.125<e2><80><93>0.262),0.084 (0.056<e2><80><93>0.118),0.0491 (0.0329<e2><80><93>0.0690)
Somalia,Male,Low income,"1,128 (719<e2><80><93>1,796)",0.001 (0.001<e2><80><93>0.002),0.001 (0.000<e2><80><93>0.001),0.0049 (0.0031<e2><80><93>0.0077)
Somalia,Female,Low income,"1,031 (672<e2><80><93>1,466)",0.001 (0.001<e2><80><93>0.002),0.001 (0.000<e2><80><93>0.001),0.0044 (0.0029<e2><80><93>0.0063)
Armenia,Male,Upper middle income,"4,937 (4,215<e2><80><93>5,733)",0.313 (0.267<e2><80><93>0.363),0.132 (0.112<e2><80><93>0.153),0.4898 (0.4181<e2><80><93>0.5688)
Armenia,Female,Upper middle income,"3,670 (3,160<e2><80><93>4,288)",0.232 (0.200<e2><80><93>0.272),0.093 (0.080<e2><80><93>0.109),0.3641 (0.3135<e2><80><93>0.4255)
Senegal,Male,Lower middle income,"2,962 (1,882<e2><80><93>4,266)",0.020 (0.012<e2><80><93>0.028),0.009 (0.006<e2><80><93>0.013),0.0227 (0.0144<e2><80><93>0.0327)
Senegal,Female,Lower middle income,"2,579 (1,767<e2><80><93>3,662)",0.017 (0.012<e2><80><93>0.024),0.008 (0.005<e2><80><93>0.011),0.0198 (0.0135<e2><80><93>0.0281)
Brazil,Male,Upper middle income,"203,346 (190,743<e2><80><93>216,159)",12.558 (11.779<e2><80><93>13.349),5.563 (5.218<e2><80><93>5.913),0.2809 (0.2635<e2><80><93>0.2986)
Brazil,Female,Upper middle income,"192,173 (176,554<e2><80><93>205,593)",11.868 (10.903<e2><80><93>12.696),5.027 (4.619<e2><80><93>5.378),0.2654 (0.2439<e2><80><93>0.2840)
Marshall Islands,Male,Upper middle income,28 (18<e2><80><93>48),0.000 (0.000<e2><80><93>0.001),0.000 (0.000<e2><80><93>0.000),0.1256 (0.0793<e2><80><93>0.2151)
Marshall Islands,Female,Upper middle income,21 (13<e2><80><93>33),0.000 (0.000<e2><80><93>0.000),0.000 (0.000<e2><80><93>0.000),0.0930 (0.0578<e2><80><93>0.1474)
Belarus,Male,Upper middle income,"19,417 (16,743<e2><80><93>22,169)",2.107 (1.817<e2><80><93>2.406),0.961 (0.828<e2><80><93>1.097),0.7445 (0.6419<e2><80><93>0.8500)
Belarus,Female,Upper middle income,"12,628 (11,236<e2><80><93>14,132)",1.370 (1.219<e2><80><93>1.533),0.567 (0.504<e2><80><93>0.635),0.4842 (0.4308<e2><80><93>0.5418)
Tuvalu,Male,Upper middle income,10 (6<e2><80><93>14),0.000 (0.000<e2><80><93>0.000),0.000 (0.000<e2><80><93>0.000),0.1579 (0.1038<e2><80><93>0.2180)
Tuvalu,Female,Upper middle income,5 (3<e2><80><93>7),0.000 (0.000<e2><80><93>0.000),0.000 (0.000<e2><80><93>0.000),0.0750 (0.0491<e2><80><93>0.1086)
Uganda,Male,Low income,"10,649 (6,915<e2><80><93>15,037)",0.037 (0.024<e2><80><93>0.052),0.018 (0.012<e2><80><93>0.026),0.0244 (0.0159<e2><80><93>0.0345)
Uganda,Female,Low income,"9,654 (6,427<e2><80><93>13,671)",0.033 (0.022<e2><80><93>0.047),0.016 (0.011<e2><80><93>0.023),0.0221 (0.0147<e2><80><93>0.0313)
Burkina Faso,Male,Low income,"2,538 (1,685<e2><80><93>3,512)",0.007 (0.005<e2><80><93>0.010),0.004 (0.002<e2><80><93>0.005),0.0116 (0.0077<e2><80><93>0.0161)
Burkina Faso,Female,Low income,"2,420 (1,609<e2><80><93>3,321)",0.007 (0.005<e2><80><93>0.010),0.003 (0.002<e2><80><93>0.005),0.0111 (0.0074<e2><80><93>0.0152)
Cambodia,Male,Lower middle income,"4,399 (2,780<e2><80><93>6,339)",0.056 (0.036<e2><80><93>0.081),0.025 (0.016<e2><80><93>0.036),0.0436 (0.0276<e2><80><93>0.0629)
Cambodia,Female,Lower middle income,"4,745 (3,131<e2><80><93>7,058)",0.061 (0.040<e2><80><93>0.091),0.026 (0.017<e2><80><93>0.039),0.0470 (0.0310<e2><80><93>0.0700)
South Africa,Male,Upper middle income,"42,591 (35,366<e2><80><93>52,381)",1.600 (1.328<e2><80><93>1.967),0.813 (0.675<e2><80><93>1.000),0.1665 (0.1382<e2><80><93>0.2047)
South Africa,Female,Upper middle income,"35,589 (28,091<e2><80><93>45,704)",1.337 (1.055<e2><80><93>1.716),0.640 (0.506<e2><80><93>0.823),0.1391 (0.1098<e2><80><93>0.1786)
Algeria,Male,Upper middle income,"12,983 (7,565<e2><80><93>19,391)",0.568 (0.331<e2><80><93>0.848),0.243 (0.142<e2><80><93>0.363),0.0731 (0.0426<e2><80><93>0.1092)
Algeria,Female,Upper middle income,"7,733 (5,136<e2><80><93>11,054)",0.338 (0.225<e2><80><93>0.483),0.144 (0.096<e2><80><93>0.207),0.0435 (0.0289<e2><80><93>0.0622)
Azerbaijan,Male,Upper middle income,"8,605 (6,170<e2><80><93>11,144)",0.627 (0.450<e2><80><93>0.812),0.285 (0.204<e2><80><93>0.369),0.2612 (0.1873<e2><80><93>0.3383)
Azerbaijan,Female,Upper middle income,"4,992 (3,594<e2><80><93>6,622)",0.364 (0.262<e2><80><93>0.483),0.158 (0.114<e2><80><93>0.210),0.1515 (0.1091<e2><80><93>0.2010)
Kenya,Male,Lower middle income,"11,303 (7,775<e2><80><93>15,204)",0.114 (0.078<e2><80><93>0.153),0.053 (0.036<e2><80><93>0.071),0.0325 (0.0224<e2><80><93>0.0438)
Kenya,Female,Lower middle income,"13,694 (9,557<e2><80><93>19,088)",0.138 (0.096<e2><80><93>0.192),0.063 (0.044<e2><80><93>0.088),0.0394 (0.0275<e2><80><93>0.0549)
Ghana,Male,Lower middle income,"9,574 (6,340<e2><80><93>13,654)",0.126 (0.083<e2><80><93>0.180),0.063 (0.042<e2><80><93>0.090),0.0494 (0.0327<e2><80><93>0.0704)
Ghana,Female,Lower middle income,"7,773 (5,134<e2><80><93>11,058)",0.102 (0.068<e2><80><93>0.146),0.049 (0.033<e2><80><93>0.070),0.0401 (0.0265<e2><80><93>0.0570)
Bosnia and Herzegovina,Male,Upper middle income,"6,957 (5,497<e2><80><93>8,623)",0.471 (0.372<e2><80><93>0.584),0.202 (0.159<e2><80><93>0.250),0.6568 (0.5189<e2><80><93>0.8141)
Bosnia and Herzegovina,Female,Upper middle income,"5,805 (4,641<e2><80><93>7,238)",0.393 (0.314<e2><80><93>0.490),0.161 (0.129<e2><80><93>0.201),0.5481 (0.4382<e2><80><93>0.6833)
Togo,Male,Low income,"1,509 (980<e2><80><93>2,144)",0.005 (0.003<e2><80><93>0.008),0.003 (0.002<e2><80><93>0.004),0.0183 (0.0119<e2><80><93>0.0259)
Togo,Female,Low income,"1,479 (952<e2><80><93>2,149)",0.005 (0.003<e2><80><93>0.008),0.003 (0.002<e2><80><93>0.004),0.0179 (0.0115<e2><80><93>0.0260)
Afghanistan,Male,Low income,"2,541 (1,436<e2><80><93>5,992)",0.005 (0.003<e2><80><93>0.012),0.003 (0.001<e2><80><93>0.006),0.0058 (0.0033<e2><80><93>0.0136)
Afghanistan,Female,Low income,"2,222 (1,332<e2><80><93>3,313)",0.005 (0.003<e2><80><93>0.007),0.002 (0.001<e2><80><93>0.003),0.0050 (0.0030<e2><80><93>0.0075)
Central African Republic,Male,Low income,489 (289<e2><80><93>871),0.000 (0.000<e2><80><93>0.001),0.000 (0.000<e2><80><93>0.000),0.0067 (0.0040<e2><80><93>0.0120)
Central African Republic,Female,Low income,"766 (441<e2><80><93>1,130)",0.001 (0.000<e2><80><93>0.001),0.000 (0.000<e2><80><93>0.001),0.0106 (0.0061<e2><80><93>0.0156)
Georgia,Male,Upper middle income,"6,011 (5,036<e2><80><93>7,186)",0.478 (0.401<e2><80><93>0.572),0.218 (0.182<e2><80><93>0.260),0.5134 (0.4301<e2><80><93>0.6137)
Georgia,Female,Upper middle income,"3,605 (2,984<e2><80><93>4,297)",0.287 (0.237<e2><80><93>0.342),0.119 (0.098<e2><80><93>0.142),0.3079 (0.2548<e2><80><93>0.3670)
Indonesia,Male,Upper middle income,"168,536 (109,144<e2><80><93>242,062)",6.465 (4.187<e2><80><93>9.285),2.903 (1.880<e2><80><93>4.170),0.1491 (0.0966<e2><80><93>0.2142)
Indonesia,Female,Upper middle income,"115,182 (77,533<e2><80><93>160,912)",4.418 (2.974<e2><80><93>6.172),1.910 (1.286<e2><80><93>2.668),0.1019 (0.0686<e2><80><93>0.1424)
Malawi,Male,Low income,"1,455 (924<e2><80><93>2,099)",0.002 (0.001<e2><80><93>0.003),0.001 (0.001<e2><80><93>0.002),0.0059 (0.0038<e2><80><93>0.0085)
Malawi,Female,Low income,"1,279 (866<e2><80><93>1,830)",0.002 (0.001<e2><80><93>0.003),0.001 (0.001<e2><80><93>0.001),0.0052 (0.0035<e2><80><93>0.0074)
Jamaica,Male,Upper middle income,"2,095 (1,688<e2><80><93>2,582)",0.060 (0.048<e2><80><93>0.074),0.026 (0.021<e2><80><93>0.032),0.1663 (0.1340<e2><80><93>0.2049)
Jamaica,Female,Upper middle income,"1,678 (1,376<e2><80><93>2,053)",0.048 (0.039<e2><80><93>0.059),0.020 (0.017<e2><80><93>0.025),0.1332 (0.1092<e2><80><93>0.1630)
Guinea-Bissau,Male,Low income,243 (154<e2><80><93>348),0.001 (0.001<e2><80><93>0.001),0.000 (0.000<e2><80><93>0.001),0.0124 (0.0078<e2><80><93>0.0177)
Guinea-Bissau,Female,Low income,289 (194<e2><80><93>400),0.001 (0.001<e2><80><93>0.001),0.001 (0.000<e2><80><93>0.001),0.0147 (0.0099<e2><80><93>0.0204)
Kiribati,Male,Lower middle income,8 (5<e2><80><93>11),0.000 (0.000<e2><80><93>0.000),0.000 (0.000<e2><80><93>0.000),0.0070 (0.0046<e2><80><93>0.0097)
Kiribati,Female,Lower middle income,13 (9<e2><80><93>19),0.000 (0.000<e2><80><93>0.000),0.000 (0.000<e2><80><93>0.000),0.0119 (0.0077<e2><80><93>0.0169)
Kazakhstan,Male,Upper middle income,"16,971 (14,787<e2><80><93>19,531)",2.571 (2.240<e2><80><93>2.959),1.154 (1.006<e2><80><93>1.328),0.3283 (0.2861<e2><80><93>0.3778)
Kazakhstan,Female,Upper middle income,"10,707 (9,090<e2><80><93>12,540)",1.622 (1.377<e2><80><93>1.900),0.676 (0.574<e2><80><93>0.792),0.2071 (0.1758<e2><80><93>0.2426)
Sudan,Male,Low income,"12,210 (6,867<e2><80><93>19,115)",0.029 (0.016<e2><80><93>0.046),0.014 (0.008<e2><80><93>0.022),0.0241 (0.0135<e2><80><93>0.0377)
Sudan,Female,Low income,"8,108 (5,364<e2><80><93>11,735)",0.019 (0.013<e2><80><93>0.028),0.009 (0.006<e2><80><93>0.013),0.0160 (0.0106<e2><80><93>0.0231)
India,Male,Lower middle income,"359,274 (251,475<e2><80><93>493,155)",7.552 (5.286<e2><80><93>10.367),3.448 (2.414<e2><80><93>4.733),0.0509 (0.0356<e2><80><93>0.0698)
India,Female,Lower middle income,"232,511 (164,167<e2><80><93>326,158)",4.888 (3.451<e2><80><93>6.856),2.236 (1.579<e2><80><93>3.137),0.0329 (0.0232<e2><80><93>0.0462)
Democratic Republic of the Congo,Male,Low income,"13,013 (8,356<e2><80><93>18,991)",0.019 (0.012<e2><80><93>0.027),0.010 (0.006<e2><80><93>0.015),0.0103 (0.0066<e2><80><93>0.0150)
Democratic Republic of the Congo,Female,Low income,"18,880 (11,688<e2><80><93>26,381)",0.027 (0.017<e2><80><93>0.038),0.014 (0.009<e2><80><93>0.020),0.0149 (0.0092<e2><80><93>0.0208)
Lao People's Democratic Republic,Male,Lower middle income,"2,755 (1,765<e2><80><93>3,958)",0.049 (0.032<e2><80><93>0.071),0.024 (0.015<e2><80><93>0.034),0.0694 (0.0445<e2><80><93>0.0997)
Lao People's Democratic Republic,Female,Lower middle income,"2,960 (1,900<e2><80><93>4,267)",0.053 (0.034<e2><80><93>0.077),0.025 (0.016<e2><80><93>0.036),0.0746 (0.0479<e2><80><93>0.1075)
Mozambique,Male,Low income,651 (438<e2><80><93>970),0.001 (0.001<e2><80><93>0.001),0.000 (0.000<e2><80><93>0.001),0.0016 (0.0011<e2><80><93>0.0024)
Mozambique,Female,Low income,510 (331<e2><80><93>726),0.001 (0.000<e2><80><93>0.001),0.000 (0.000<e2><80><93>0.000),0.0012 (0.0008<e2><80><93>0.0018)
Bangladesh,Male,Lower middle income,"53,484 (34,244<e2><80><93>77,121)",0.938 (0.600<e2><80><93>1.352),0.421 (0.269<e2><80><93>0.606),0.0598 (0.0383<e2><80><93>0.0862)
Bangladesh,Female,Lower middle income,"32,980 (21,948<e2><80><93>47,885)",0.578 (0.385<e2><80><93>0.840),0.267 (0.178<e2><80><93>0.388),0.0369 (0.0245<e2><80><93>0.0535)
Sierra Leone,Male,Low income,"1,678 (1,082<e2><80><93>2,368)",0.007 (0.004<e2><80><93>0.009),0.004 (0.002<e2><80><93>0.005),0.0231 (0.0149<e2><80><93>0.0326)
Sierra Leone,Female,Low income,"1,098 (699<e2><80><93>1,593)",0.004 (0.003<e2><80><93>0.006),0.002 (0.001<e2><80><93>0.003),0.0151 (0.0096<e2><80><93>0.0219)
Samoa,Male,Upper middle income,93 (58<e2><80><93>138),0.001 (0.001<e2><80><93>0.002),0.001 (0.000<e2><80><93>0.001),0.0783 (0.0486<e2><80><93>0.1156)
Samoa,Female,Upper middle income,53 (34<e2><80><93>78),0.001 (0.001<e2><80><93>0.001),0.000 (0.000<e2><80><93>0.001),0.0447 (0.0286<e2><80><93>0.0652)
North Macedonia,Male,Upper middle income,"3,765 (3,121<e2><80><93>4,599)",0.290 (0.240<e2><80><93>0.354),0.123 (0.102<e2><80><93>0.151),0.6466 (0.5360<e2><80><93>0.7899)
North Macedonia,Female,Upper middle income,"2,558 (2,157<e2><80><93>3,146)",0.197 (0.166<e2><80><93>0.242),0.082 (0.069<e2><80><93>0.100),0.4393 (0.3704<e2><80><93>0.5403)
Mongolia,Male,Upper middle income,"3,908 (2,975<e2><80><93>5,001)",0.189 (0.144<e2><80><93>0.242),0.088 (0.067<e2><80><93>0.113),0.3019 (0.2298<e2><80><93>0.3863)
Mongolia,Female,Upper middle income,"2,453 (1,795<e2><80><93>3,123)",0.119 (0.087<e2><80><93>0.151),0.049 (0.036<e2><80><93>0.063),0.1895 (0.1387<e2><80><93>0.2412)
Pakistan,Male,Lower middle income,"42,739 (26,620<e2><80><93>61,380)",0.399 (0.249<e2><80><93>0.574),0.184 (0.115<e2><80><93>0.265),0.0268 (0.0167<e2><80><93>0.0385)
Pakistan,Female,Lower middle income,"52,084 (35,025<e2><80><93>75,950)",0.487 (0.327<e2><80><93>0.710),0.231 (0.156<e2><80><93>0.337),0.0327 (0.0220<e2><80><93>0.0477)
Philippines,Male,Lower middle income,"43,226 (33,593<e2><80><93>53,387)",0.998 (0.775<e2><80><93>1.232),0.454 (0.353<e2><80><93>0.560),0.0790 (0.0614<e2><80><93>0.0976)
Philippines,Female,Lower middle income,"37,529 (29,121<e2><80><93>46,398)",0.866 (0.672<e2><80><93>1.071),0.371 (0.288<e2><80><93>0.459),0.0686 (0.0532<e2><80><93>0.0848)
Comoros,Male,Lower middle income,88 (58<e2><80><93>127),0.000 (0.000<e2><80><93>0.001),0.000 (0.000<e2><80><93>0.000),0.0128 (0.0085<e2><80><93>0.0185)
Comoros,Female,Lower middle income,78 (52<e2><80><93>110),0.000 (0.000<e2><80><93>0.001),0.000 (0.000<e2><80><93>0.000),0.0114 (0.0076<e2><80><93>0.0159)
Tonga,Male,Upper middle income,82 (52<e2><80><93>115),0.001 (0.001<e2><80><93>0.002),0.001 (0.000<e2><80><93>0.001),0.1382 (0.0874<e2><80><93>0.1953)
Tonga,Female,Upper middle income,45 (30<e2><80><93>61),0.001 (0.000<e2><80><93>0.001),0.000 (0.000<e2><80><93>0.000),0.0756 (0.0505<e2><80><93>0.1039)
Gabon,Male,Upper middle income,604 (411<e2><80><93>825),0.036 (0.025<e2><80><93>0.049),0.017 (0.012<e2><80><93>0.024),0.0702 (0.0478<e2><80><93>0.0958)
Gabon,Female,Upper middle income,"771 (512<e2><80><93>1,050)",0.046 (0.031<e2><80><93>0.063),0.023 (0.015<e2><80><93>0.031),0.0896 (0.0594<e2><80><93>0.1220)
Palestine,Male,Lower middle income,"2,447 (1,768<e2><80><93>3,177)",0.023 (0.016<e2><80><93>0.029),0.012 (0.009<e2><80><93>0.015),0.0732 (0.0529<e2><80><93>0.0951)
Palestine,Female,Lower middle income,"1,476 (1,044<e2><80><93>1,957)",0.014 (0.010<e2><80><93>0.018),0.006 (0.004<e2><80><93>0.008),0.0442 (0.0312<e2><80><93>0.0586)
Thailand,Male,Upper middle income,"87,430 (67,731<e2><80><93>112,940)",6.320 (4.896<e2><80><93>8.164),2.726 (2.112<e2><80><93>3.522),0.3748 (0.2903<e2><80><93>0.4841)
Thailand,Female,Upper middle income,"52,056 (42,226<e2><80><93>61,218)",3.763 (3.052<e2><80><93>4.425),1.500 (1.217<e2><80><93>1.764),0.2231 (0.1810<e2><80><93>0.2624)
Tunisia,Male,Lower middle income,"13,110 (9,697<e2><80><93>16,823)",0.437 (0.323<e2><80><93>0.561),0.191 (0.142<e2><80><93>0.246),0.2552 (0.1887<e2><80><93>0.3274)
Tunisia,Female,Lower middle income,"7,254 (4,984<e2><80><93>9,676)",0.242 (0.166<e2><80><93>0.323),0.103 (0.071<e2><80><93>0.138),0.1412 (0.0970<e2><80><93>0.1883)
Turkmenistan,Male,Upper middle income,"2,105 (1,690<e2><80><93>2,597)",0.118 (0.095<e2><80><93>0.145),0.055 (0.044<e2><80><93>0.067),0.0807 (0.0647<e2><80><93>0.0995)
Turkmenistan,Female,Upper middle income,"1,505 (1,213<e2><80><93>1,871)",0.084 (0.068<e2><80><93>0.105),0.037 (0.030<e2><80><93>0.046),0.0577 (0.0465<e2><80><93>0.0717)
Iraq,Male,Upper middle income,"35,233 (25,756<e2><80><93>43,495)",1.252 (0.916<e2><80><93>1.546),0.590 (0.431<e2><80><93>0.728),0.1896 (0.1386<e2><80><93>0.2341)
Iraq,Female,Upper middle income,"22,705 (17,725<e2><80><93>29,229)",0.807 (0.630<e2><80><93>1.039),0.364 (0.284<e2><80><93>0.468),0.1222 (0.0954<e2><80><93>0.1573)
Cameroon,Male,Lower middle income,"7,269 (4,809<e2><80><93>10,412)",0.058 (0.038<e2><80><93>0.083),0.030 (0.020<e2><80><93>0.043),0.0378 (0.0250<e2><80><93>0.0541)
Cameroon,Female,Lower middle income,"6,301 (4,170<e2><80><93>9,097)",0.050 (0.033<e2><80><93>0.073),0.026 (0.017<e2><80><93>0.038),0.0327 (0.0217<e2><80><93>0.0473)
Bhutan,Male,Lower middle income,178 (109<e2><80><93>262),0.007 (0.005<e2><80><93>0.011),0.003 (0.002<e2><80><93>0.005),0.0577 (0.0355<e2><80><93>0.0850)
Bhutan,Female,Lower middle income,154 (96<e2><80><93>225),0.006 (0.004<e2><80><93>0.009),0.003 (0.002<e2><80><93>0.004),0.0501 (0.0313<e2><80><93>0.0731)
Niger,Male,Low income,"4,942 (3,159<e2><80><93>6,857)",0.008 (0.005<e2><80><93>0.011),0.004 (0.003<e2><80><93>0.006),0.0164 (0.0105<e2><80><93>0.0227)
Niger,Female,Low income,"1,249 (852<e2><80><93>1,757)",0.002 (0.001<e2><80><93>0.003),0.001 (0.001<e2><80><93>0.002),0.0041 (0.0028<e2><80><93>0.0058)
Viet Nam,Male,Lower middle income,"60,395 (37,825<e2><80><93>84,721)",2.231 (1.397<e2><80><93>3.130),0.972 (0.609<e2><80><93>1.364),0.1479 (0.0926<e2><80><93>0.2075)
Viet Nam,Female,Lower middle income,"37,088 (25,453<e2><80><93>55,589)",1.370 (0.940<e2><80><93>2.054),0.551 (0.378<e2><80><93>0.826),0.0908 (0.0623<e2><80><93>0.1361)
Peru,Male,Upper middle income,"23,509 (19,879<e2><80><93>28,704)",1.045 (0.884<e2><80><93>1.276),0.445 (0.376<e2><80><93>0.543),0.1816 (0.1535<e2><80><93>0.2217)
Peru,Female,Upper middle income,"27,479 (23,031<e2><80><93>32,753)",1.222 (1.024<e2><80><93>1.456),0.512 (0.429<e2><80><93>0.611),0.2122 (0.1779<e2><80><93>0.2529)
Paraguay,Male,Upper middle income,"4,595 (3,660<e2><80><93>5,728)",0.214 (0.171<e2><80><93>0.267),0.098 (0.078<e2><80><93>0.123),0.1783 (0.1420<e2><80><93>0.2223)
Paraguay,Female,Upper middle income,"4,420 (3,572<e2><80><93>5,556)",0.206 (0.167<e2><80><93>0.259),0.090 (0.073<e2><80><93>0.113),0.1715 (0.1386<e2><80><93>0.2156)
Chad,Male,Low income,"2,165 (1,373<e2><80><93>3,274)",0.006 (0.004<e2><80><93>0.009),0.003 (0.002<e2><80><93>0.005),0.0117 (0.0074<e2><80><93>0.0177)
Chad,Female,Low income,"1,570 (1,025<e2><80><93>2,261)",0.004 (0.003<e2><80><93>0.006),0.002 (0.002<e2><80><93>0.003),0.0085 (0.0055<e2><80><93>0.0122)
Sao Tome and Principe,Male,Lower middle income,20 (13<e2><80><93>29),0.000 (0.000<e2><80><93>0.000),0.000 (0.000<e2><80><93>0.000),0.0139 (0.0090<e2><80><93>0.0199)
Sao Tome and Principe,Female,Lower middle income,17 (11<e2><80><93>25),0.000 (0.000<e2><80><93>0.000),0.000 (0.000<e2><80><93>0.000),0.0118 (0.0074<e2><80><93>0.0168)
Haiti,Male,Lower middle income,"4,742 (2,910<e2><80><93>7,964)",0.018 (0.011<e2><80><93>0.030),0.010 (0.006<e2><80><93>0.016),0.0469 (0.0287<e2><80><93>0.0787)
Haiti,Female,Lower middle income,"4,533 (2,961<e2><80><93>6,690)",0.017 (0.011<e2><80><93>0.025),0.009 (0.006<e2><80><93>0.014),0.0448 (0.0293<e2><80><93>0.0661)
Guinea,Male,Lower middle income,"957 (646<e2><80><93>1,335)",0.005 (0.004<e2><80><93>0.008),0.003 (0.002<e2><80><93>0.004),0.0088 (0.0059<e2><80><93>0.0122)
Guinea,Female,Lower middle income,"850 (563<e2><80><93>1,218)",0.005 (0.003<e2><80><93>0.007),0.003 (0.002<e2><80><93>0.004),0.0078 (0.0052<e2><80><93>0.0112)
Mauritius,Male,Upper middle income,"1,463 (1,214<e2><80><93>1,767)",0.149 (0.124<e2><80><93>0.180),0.067 (0.056<e2><80><93>0.081),0.4036 (0.3350<e2><80><93>0.4876)
Mauritius,Female,Upper middle income,"945 (799<e2><80><93>1,101)",0.096 (0.081<e2><80><93>0.112),0.041 (0.034<e2><80><93>0.047),0.2608 (0.2204<e2><80><93>0.3037)
Botswana,Male,Upper middle income,"767 (486<e2><80><93>1,140)",0.047 (0.030<e2><80><93>0.070),0.022 (0.014<e2><80><93>0.033),0.0898 (0.0569<e2><80><93>0.1336)
Botswana,Female,Upper middle income,516 (317<e2><80><93>787),0.031 (0.019<e2><80><93>0.048),0.014 (0.009<e2><80><93>0.022),0.0604 (0.0372<e2><80><93>0.0922)
Libya,Male,Upper middle income,"6,133 (3,780<e2><80><93>9,138)",0.200 (0.123<e2><80><93>0.298),0.092 (0.057<e2><80><93>0.137),0.1980 (0.1220<e2><80><93>0.2950)
Libya,Female,Upper middle income,"3,719 (2,442<e2><80><93>5,493)",0.121 (0.080<e2><80><93>0.179),0.058 (0.038<e2><80><93>0.086),0.1200 (0.0788<e2><80><93>0.1773)
Equatorial Guinea,Male,Upper middle income,469 (287<e2><80><93>707),0.022 (0.013<e2><80><93>0.033),0.012 (0.007<e2><80><93>0.018),0.0671 (0.0411<e2><80><93>0.1013)
Equatorial Guinea,Female,Upper middle income,516 (326<e2><80><93>731),0.024 (0.015<e2><80><93>0.034),0.012 (0.008<e2><80><93>0.017),0.0739 (0.0467<e2><80><93>0.1046)
Gambia,Male,Low income,204 (133<e2><80><93>300),0.001 (0.001<e2><80><93>0.001),0.000 (0.000<e2><80><93>0.001),0.0087 (0.0057<e2><80><93>0.0128)
Gambia,Female,Low income,188 (128<e2><80><93>255),0.001 (0.000<e2><80><93>0.001),0.000 (0.000<e2><80><93>0.000),0.0080 (0.0055<e2><80><93>0.0109)
Eswatini,Male,Lower middle income,281 (170<e2><80><93>417),0.007 (0.004<e2><80><93>0.010),0.004 (0.002<e2><80><93>0.005),0.0486 (0.0295<e2><80><93>0.0722)
Eswatini,Female,Lower middle income,283 (189<e2><80><93>420),0.007 (0.005<e2><80><93>0.010),0.004 (0.002<e2><80><93>0.005),0.0490 (0.0327<e2><80><93>0.0726)
Namibia,Male,Lower middle income,416 (272<e2><80><93>567),0.010 (0.007<e2><80><93>0.014),0.005 (0.003<e2><80><93>0.007),0.0298 (0.0195<e2><80><93>0.0407)
Namibia,Female,Lower middle income,249 (170<e2><80><93>338),0.006 (0.004<e2><80><93>0.008),0.003 (0.002<e2><80><93>0.004),0.0179 (0.0122<e2><80><93>0.0242)
Colombia,Male,Upper middle income,"31,070 (28,949<e2><80><93>33,028)",1.887 (1.759<e2><80><93>2.006),0.792 (0.738<e2><80><93>0.842),0.1722 (0.1605<e2><80><93>0.1831)
Colombia,Female,Upper middle income,"32,522 (29,344<e2><80><93>35,964)",1.976 (1.783<e2><80><93>2.185),0.795 (0.718<e2><80><93>0.880),0.1803 (0.1627<e2><80><93>0.1994)
Saint Lucia,Male,Upper middle income,181 (141<e2><80><93>224),0.015 (0.012<e2><80><93>0.019),0.007 (0.005<e2><80><93>0.008),0.3261 (0.2542<e2><80><93>0.4033)
Saint Lucia,Female,Upper middle income,174 (140<e2><80><93>209),0.015 (0.012<e2><80><93>0.018),0.006 (0.005<e2><80><93>0.007),0.3133 (0.2524<e2><80><93>0.3769)
El Salvador,Male,Upper middle income,"4,176 (3,193<e2><80><93>5,381)",0.120 (0.091<e2><80><93>0.154),0.056 (0.043<e2><80><93>0.072),0.1494 (0.1142<e2><80><93>0.1925)
El Salvador,Female,Upper middle income,"5,563 (4,028<e2><80><93>7,318)",0.159 (0.115<e2><80><93>0.209),0.068 (0.049<e2><80><93>0.090),0.1990 (0.1441<e2><80><93>0.2617)
Rwanda,Male,Low income,"4,207 (2,677<e2><80><93>5,957)",0.017 (0.011<e2><80><93>0.024),0.009 (0.005<e2><80><93>0.012),0.0352 (0.0224<e2><80><93>0.0499)
Rwanda,Female,Low income,"3,359 (2,266<e2><80><93>4,787)",0.013 (0.009<e2><80><93>0.019),0.006 (0.004<e2><80><93>0.009),0.0281 (0.0190<e2><80><93>0.0401)
China,Both,Upper middle income,"2,765,626 (2,343,072<e2><80><93>3,304,790)",221.449 (187.614<e2><80><93>264.621),89.326 (75.692<e2><80><93>106.681),0.6234 (0.5282<e2><80><93>0.7450)
Cambodia,Both,Lower middle income,"9,144 (5,911<e2><80><93>13,398)",0.117 (0.076<e2><80><93>0.172),0.052 (0.033<e2><80><93>0.075),0.0907 (0.0586<e2><80><93>0.1328)
Indonesia,Both,Upper middle income,"283,718 (186,677<e2><80><93>402,975)",10.883 (7.161<e2><80><93>15.458),4.813 (3.166<e2><80><93>6.838),0.2511 (0.1652<e2><80><93>0.3566)
Lao People's Democratic Republic,Both,Lower middle income,"5,715 (3,665<e2><80><93>8,225)",0.103 (0.066<e2><80><93>0.148),0.049 (0.031<e2><80><93>0.070),0.1440 (0.0924<e2><80><93>0.2073)
Malaysia,Both,Upper middle income,"37,254 (30,202<e2><80><93>46,021)",5.199 (4.215<e2><80><93>6.423),2.173 (1.763<e2><80><93>2.684),0.4059 (0.3291<e2><80><93>0.5014)
Maldives,Both,Upper middle income,256 (182<e2><80><93>337),0.020 (0.014<e2><80><93>0.026),0.008 (0.006<e2><80><93>0.011),0.1534 (0.1094<e2><80><93>0.2023)
Myanmar,Both,Lower middle income,"53,369 (34,514<e2><80><93>76,507)",0.491 (0.318<e2><80><93>0.704),0.239 (0.155<e2><80><93>0.343),0.1524 (0.0986<e2><80><93>0.2185)
Philippines,Both,Lower middle income,"80,755 (62,714<e2><80><93>99,785)",1.864 (1.447<e2><80><93>2.303),0.825 (0.640<e2><80><93>1.019),0.1476 (0.1147<e2><80><93>0.1824)
Sri Lanka,Both,Lower middle income,"20,990 (16,847<e2><80><93>26,077)",0.731 (0.587<e2><80><93>0.908),0.306 (0.246<e2><80><93>0.380),0.2295 (0.1842<e2><80><93>0.2851)
Thailand,Both,Upper middle income,"139,485 (109,958<e2><80><93>174,157)",10.083 (7.948<e2><80><93>12.589),4.226 (3.329<e2><80><93>5.285),0.5979 (0.4713<e2><80><93>0.7465)
Timor-Leste,Both,Lower middle income,629 (401<e2><80><93>922),0.004 (0.003<e2><80><93>0.006),0.002 (0.001<e2><80><93>0.003),0.0631 (0.0403<e2><80><93>0.0926)
Viet Nam,Both,Lower middle income,"97,483 (63,278<e2><80><93>140,310)",3.601 (2.338<e2><80><93>5.183),1.523 (0.987<e2><80><93>2.190),0.2387 (0.1549<e2><80><93>0.3436)
Fiji,Both,Upper middle income,"870 (589<e2><80><93>1,203)",0.031 (0.021<e2><80><93>0.043),0.015 (0.010<e2><80><93>0.020),0.2284 (0.1545<e2><80><93>0.3157)
Kiribati,Both,Lower middle income,21 (14<e2><80><93>30),0.000 (0.000<e2><80><93>0.000),0.000 (0.000<e2><80><93>0.000),0.0189 (0.0122<e2><80><93>0.0266)
Marshall Islands,Both,Upper middle income,49 (31<e2><80><93>81),0.001 (0.000<e2><80><93>0.001),0.000 (0.000<e2><80><93>0.001),0.2186 (0.1372<e2><80><93>0.3626)
Micronesia (Federated States of),Both,Lower middle income,80 (55<e2><80><93>108),0.000 (0.000<e2><80><93>0.001),0.000 (0.000<e2><80><93>0.000),0.0927 (0.0639<e2><80><93>0.1256)
Papua New Guinea,Both,Lower middle income,"4,367 (2,580<e2><80><93>7,266)",0.028 (0.016<e2><80><93>0.046),0.013 (0.008<e2><80><93>0.022),0.0575 (0.0340<e2><80><93>0.0958)
Samoa,Both,Upper middle income,147 (92<e2><80><93>216),0.002 (0.001<e2><80><93>0.003),0.001 (0.001<e2><80><93>0.001),0.1230 (0.0772<e2><80><93>0.1808)
Solomon Islands,Both,Lower middle income,596 (368<e2><80><93>890),0.002 (0.001<e2><80><93>0.002),0.001 (0.000<e2><80><93>0.001),0.0760 (0.0470<e2><80><93>0.1136)
Tonga,Both,Upper middle income,126 (81<e2><80><93>177),0.002 (0.001<e2><80><93>0.002),0.001 (0.001<e2><80><93>0.001),0.2138 (0.1379<e2><80><93>0.2991)
Vanuatu,Both,Lower middle income,139 (86<e2><80><93>212),0.001 (0.000<e2><80><93>0.001),0.000 (0.000<e2><80><93>0.000),0.0519 (0.0321<e2><80><93>0.0793)
Armenia,Both,Upper middle income,"8,606 (7,374<e2><80><93>10,022)",0.545 (0.467<e2><80><93>0.635),0.224 (0.192<e2><80><93>0.261),0.8538 (0.7316<e2><80><93>0.9943)
Azerbaijan,Both,Upper middle income,"13,596 (9,764<e2><80><93>17,767)",0.991 (0.712<e2><80><93>1.295),0.443 (0.318<e2><80><93>0.579),0.4127 (0.2964<e2><80><93>0.5393)
Georgia,Both,Upper middle income,"9,616 (8,019<e2><80><93>11,483)",0.765 (0.638<e2><80><93>0.914),0.337 (0.281<e2><80><93>0.402),0.8213 (0.6849<e2><80><93>0.9807)
Kazakhstan,Both,Upper middle income,"27,678 (23,877<e2><80><93>32,071)",4.193 (3.617<e2><80><93>4.858),1.830 (1.579<e2><80><93>2.120),0.5355 (0.4619<e2><80><93>0.6205)
Kyrgyzstan,Both,Lower middle income,"6,771 (5,662<e2><80><93>8,128)",0.085 (0.071<e2><80><93>0.102),0.036 (0.030<e2><80><93>0.044),0.1633 (0.1365<e2><80><93>0.1960)
Mongolia,Both,Upper middle income,"6,361 (4,770<e2><80><93>8,123)",0.308 (0.231<e2><80><93>0.393),0.138 (0.103<e2><80><93>0.176),0.4914 (0.3685<e2><80><93>0.6275)
Tajikistan,Both,Lower middle income,"3,357 (2,289<e2><80><93>4,584)",0.024 (0.016<e2><80><93>0.032),0.010 (0.007<e2><80><93>0.014),0.0456 (0.0311<e2><80><93>0.0623)
Turkmenistan,Both,Upper middle income,"3,611 (2,902<e2><80><93>4,467)",0.202 (0.162<e2><80><93>0.250),0.091 (0.074<e2><80><93>0.113),0.1384 (0.1112<e2><80><93>0.1712)
Uzbekistan,Both,Lower middle income,"20,241 (16,840<e2><80><93>24,112)",0.475 (0.395<e2><80><93>0.566),0.210 (0.175<e2><80><93>0.250),0.1199 (0.0998<e2><80><93>0.1428)
Albania,Both,Upper middle income,"5,284 (3,842<e2><80><93>6,733)",0.397 (0.289<e2><80><93>0.506),0.162 (0.118<e2><80><93>0.207),0.6814 (0.4954<e2><80><93>0.8683)
Bosnia and Herzegovina,Both,Upper middle income,"12,762 (10,138<e2><80><93>15,861)",0.864 (0.686<e2><80><93>1.074),0.363 (0.288<e2><80><93>0.451),1.2049 (0.9571<e2><80><93>1.4974)
North Macedonia,Both,Upper middle income,"6,323 (5,278<e2><80><93>7,746)",0.487 (0.406<e2><80><93>0.596),0.205 (0.171<e2><80><93>0.251),1.0859 (0.9064<e2><80><93>1.3302)
Montenegro,Both,Upper middle income,"2,351 (1,713<e2><80><93>3,057)",0.258 (0.188<e2><80><93>0.335),0.109 (0.079<e2><80><93>0.142),1.3319 (0.9701<e2><80><93>1.7319)
Serbia,Both,Upper middle income,"38,231 (31,348<e2><80><93>47,481)",3.735 (3.062<e2><80><93>4.638),1.581 (1.296<e2><80><93>1.964),1.9614 (1.6083<e2><80><93>2.4360)
Belarus,Both,Upper middle income,"32,045 (27,978<e2><80><93>36,301)",3.477 (3.036<e2><80><93>3.939),1.528 (1.333<e2><80><93>1.731),1.2287 (1.0727<e2><80><93>1.3918)
Republic of Moldova,Both,Upper middle income,"11,900 (10,033<e2><80><93>14,032)",0.564 (0.475<e2><80><93>0.665),0.243 (0.205<e2><80><93>0.287),1.2926 (1.0899<e2><80><93>1.5243)
Ukraine,Both,Upper middle income,"131,923 (110,384<e2><80><93>157,933)",6.208 (5.194<e2><80><93>7.431),2.833 (2.373<e2><80><93>3.392),0.9966 (0.8339<e2><80><93>1.1931)
Argentina,Both,Upper middle income,"136,348 (119,436<e2><80><93>153,855)",14.356 (12.576<e2><80><93>16.200),6.016 (5.272<e2><80><93>6.788),1.0432 (0.9138<e2><80><93>1.1771)
Belize,Both,Upper middle income,444 (360<e2><80><93>536),0.014 (0.012<e2><80><93>0.017),0.006 (0.005<e2><80><93>0.008),0.2534 (0.2055<e2><80><93>0.3064)
Dominica,Both,Upper middle income,154 (113<e2><80><93>202),0.009 (0.007<e2><80><93>0.012),0.004 (0.003<e2><80><93>0.005),0.6610 (0.4840<e2><80><93>0.8661)
Dominican Republic,Both,Upper middle income,"16,119 (11,381<e2><80><93>21,739)",1.342 (0.947<e2><80><93>1.810),0.601 (0.424<e2><80><93>0.810),0.4583 (0.3236<e2><80><93>0.6181)
Grenada,Both,Upper middle income,265 (210<e2><80><93>325),0.014 (0.011<e2><80><93>0.017),0.006 (0.005<e2><80><93>0.007),0.6242 (0.4942<e2><80><93>0.7670)
Haiti,Both,Lower middle income,"9,275 (5,871<e2><80><93>14,654)",0.035 (0.022<e2><80><93>0.055),0.019 (0.012<e2><80><93>0.030),0.0916 (0.0580<e2><80><93>0.1448)
Jamaica,Both,Upper middle income,"3,773 (3,064<e2><80><93>4,635)",0.108 (0.087<e2><80><93>0.132),0.046 (0.038<e2><80><93>0.057),0.2995 (0.2432<e2><80><93>0.3679)
Saint Lucia,Both,Upper middle income,355 (281<e2><80><93>433),0.030 (0.024<e2><80><93>0.036),0.013 (0.010<e2><80><93>0.015),0.6394 (0.5067<e2><80><93>0.7802)
Saint Vincent and the Grenadines,Both,Upper middle income,193 (153<e2><80><93>240),0.011 (0.009<e2><80><93>0.013),0.005 (0.004<e2><80><93>0.006),0.5374 (0.4268<e2><80><93>0.6678)
Suriname,Both,Upper middle income,"992 (706<e2><80><93>1,362)",0.061 (0.043<e2><80><93>0.084),0.028 (0.020<e2><80><93>0.038),0.4595 (0.3269<e2><80><93>0.6304)
Bolivia (Plurinational State of),Both,Lower middle income,"18,023 (12,450<e2><80><93>24,886)",0.529 (0.365<e2><80><93>0.730),0.240 (0.165<e2><80><93>0.331),0.3349 (0.2314<e2><80><93>0.4625)
Ecuador,Both,Upper middle income,"17,288 (15,158<e2><80><93>19,421)",0.696 (0.610<e2><80><93>0.782),0.296 (0.259<e2><80><93>0.332),0.2431 (0.2132<e2><80><93>0.2731)
Peru,Both,Upper middle income,"50,989 (42,910<e2><80><93>61,457)",2.267 (1.908<e2><80><93>2.733),0.957 (0.806<e2><80><93>1.154),0.3938 (0.3314<e2><80><93>0.4746)
Colombia,Both,Upper middle income,"63,591 (58,293<e2><80><93>68,992)",3.863 (3.541<e2><80><93>4.191),1.588 (1.456<e2><80><93>1.722),0.3525 (0.3231<e2><80><93>0.3824)
El Salvador,Both,Upper middle income,"9,740 (7,221<e2><80><93>12,699)",0.279 (0.207<e2><80><93>0.363),0.124 (0.092<e2><80><93>0.162),0.3484 (0.2583<e2><80><93>0.4542)
Guatemala,Both,Upper middle income,"9,985 (8,225<e2><80><93>12,046)",0.322 (0.266<e2><80><93>0.389),0.146 (0.120<e2><80><93>0.176),0.1294 (0.1066<e2><80><93>0.1562)
Honduras,Both,Lower middle income,"5,886 (3,850<e2><80><93>8,468)",0.072 (0.047<e2><80><93>0.103),0.031 (0.020<e2><80><93>0.044),0.0939 (0.0614<e2><80><93>0.1351)
Mexico,Both,Upper middle income,"149,820 (133,707<e2><80><93>166,958)",11.810 (10.540<e2><80><93>13.161),5.171 (4.615<e2><80><93>5.764),0.3653 (0.3260<e2><80><93>0.4071)
Nicaragua,Both,Lower middle income,"5,265 (3,782<e2><80><93>7,131)",0.080 (0.058<e2><80><93>0.108),0.034 (0.025<e2><80><93>0.047),0.1411 (0.1013<e2><80><93>0.1910)
Brazil,Both,Upper middle income,"395,519 (367,297<e2><80><93>421,752)",24.425 (22.682<e2><80><93>26.045),10.590 (9.837<e2><80><93>11.292),0.5463 (0.5073<e2><80><93>0.5825)
Paraguay,Both,Upper middle income,"9,015 (7,232<e2><80><93>11,284)",0.421 (0.337<e2><80><93>0.526),0.188 (0.151<e2><80><93>0.236),0.3499 (0.2807<e2><80><93>0.4379)
Algeria,Both,Upper middle income,"20,716 (12,701<e2><80><93>30,445)",0.906 (0.555<e2><80><93>1.332),0.388 (0.238<e2><80><93>0.570),0.1167 (0.0715<e2><80><93>0.1714)
Egypt,Both,Lower middle income,"125,082 (88,852<e2><80><93>166,493)",6.320 (4.490<e2><80><93>8.413),2.922 (2.075<e2><80><93>3.889),0.2979 (0.2116<e2><80><93>0.3965)
Iran (Islamic Republic of),Both,Upper middle income,"79,295 (55,373<e2><80><93>106,820)",4.135 (2.887<e2><80><93>5.570),1.740 (1.215<e2><80><93>2.344),0.2412 (0.1685<e2><80><93>0.3250)
Iraq,Both,Upper middle income,"57,939 (43,482<e2><80><93>72,724)",2.059 (1.546<e2><80><93>2.585),0.954 (0.715<e2><80><93>1.197),0.3118 (0.2340<e2><80><93>0.3914)
Jordan,Both,Lower middle income,"13,545 (9,771<e2><80><93>17,949)",0.288 (0.208<e2><80><93>0.382),0.120 (0.086<e2><80><93>0.159),0.2421 (0.1747<e2><80><93>0.3209)
Lebanon,Both,Lower middle income,"11,587 (8,638<e2><80><93>15,313)",0.327 (0.244<e2><80><93>0.433),0.138 (0.103<e2><80><93>0.183),0.4510 (0.3362<e2><80><93>0.5961)
Libya,Both,Upper middle income,"9,852 (6,223<e2><80><93>14,631)",0.322 (0.203<e2><80><93>0.478),0.150 (0.095<e2><80><93>0.222),0.3180 (0.2009<e2><80><93>0.4723)
Morocco,Both,Lower middle income,"21,304 (13,770<e2><80><93>31,309)",0.420 (0.272<e2><80><93>0.618),0.186 (0.120<e2><80><93>0.273),0.1109 (0.0717<e2><80><93>0.1630)
Palestine,Both,Lower middle income,"3,924 (2,812<e2><80><93>5,134)",0.036 (0.026<e2><80><93>0.047),0.018 (0.013<e2><80><93>0.024),0.1174 (0.0841<e2><80><93>0.1536)
Tunisia,Both,Lower middle income,"20,364 (14,682<e2><80><93>26,499)",0.679 (0.490<e2><80><93>0.884),0.295 (0.213<e2><80><93>0.384),0.3964 (0.2858<e2><80><93>0.5158)
Afghanistan,Both,Low income,"4,763 (2,768<e2><80><93>9,305)",0.010 (0.006<e2><80><93>0.019),0.005 (0.003<e2><80><93>0.010),0.0108 (0.0063<e2><80><93>0.0211)
Bangladesh,Both,Lower middle income,"86,463 (56,191<e2><80><93>125,007)",1.516 (0.985<e2><80><93>2.192),0.688 (0.447<e2><80><93>0.994),0.0967 (0.0628<e2><80><93>0.1397)
Bhutan,Both,Lower middle income,332 (206<e2><80><93>487),0.014 (0.009<e2><80><93>0.020),0.006 (0.004<e2><80><93>0.009),0.1078 (0.0667<e2><80><93>0.1580)
India,Both,Lower middle income,"591,785 (415,642<e2><80><93>819,313)",12.440 (8.737<e2><80><93>17.223),5.685 (3.993<e2><80><93>7.871),0.0838 (0.0589<e2><80><93>0.1160)
Nepal,Both,Lower middle income,"8,928 (5,730<e2><80><93>13,052)",0.071 (0.046<e2><80><93>0.104),0.031 (0.020<e2><80><93>0.046),0.0443 (0.0284<e2><80><93>0.0647)
Pakistan,Both,Lower middle income,"94,823 (61,645<e2><80><93>137,330)",0.886 (0.576<e2><80><93>1.284),0.416 (0.270<e2><80><93>0.602),0.0595 (0.0387<e2><80><93>0.0862)
Angola,Both,Lower middle income,"10,743 (7,145<e2><80><93>15,391)",0.207 (0.138<e2><80><93>0.297),0.106 (0.070<e2><80><93>0.151),0.0579 (0.0385<e2><80><93>0.0829)
Central African Republic,Both,Low income,"1,256 (730<e2><80><93>2,001)",0.001 (0.001<e2><80><93>0.002),0.001 (0.000<e2><80><93>0.001),0.0173 (0.0101<e2><80><93>0.0276)
Congo,Both,Lower middle income,"2,254 (1,509<e2><80><93>3,211)",0.026 (0.017<e2><80><93>0.036),0.013 (0.009<e2><80><93>0.019),0.0605 (0.0405<e2><80><93>0.0861)
Democratic Republic of the Congo,Both,Low income,"31,893 (20,044<e2><80><93>45,372)",0.046 (0.029<e2><80><93>0.065),0.024 (0.015<e2><80><93>0.035),0.0251 (0.0158<e2><80><93>0.0358)
Equatorial Guinea,Both,Upper middle income,"985 (614<e2><80><93>1,438)",0.045 (0.028<e2><80><93>0.066),0.024 (0.015<e2><80><93>0.035),0.1409 (0.0879<e2><80><93>0.2058)
Gabon,Both,Upper middle income,"1,375 (923<e2><80><93>1,875)",0.082 (0.055<e2><80><93>0.112),0.040 (0.027<e2><80><93>0.055),0.1597 (0.1072<e2><80><93>0.2178)
Burundi,Both,Low income,"3,378 (2,178<e2><80><93>4,912)",0.003 (0.002<e2><80><93>0.004),0.001 (0.001<e2><80><93>0.002),0.0168 (0.0108<e2><80><93>0.0244)
Comoros,Both,Lower middle income,166 (110<e2><80><93>237),0.001 (0.001<e2><80><93>0.001),0.000 (0.000<e2><80><93>0.000),0.0242 (0.0161<e2><80><93>0.0344)
Djibouti,Both,Lower middle income,567 (358<e2><80><93>853),0.007 (0.004<e2><80><93>0.010),0.003 (0.002<e2><80><93>0.005),0.0838 (0.0530<e2><80><93>0.1260)
Kenya,Both,Lower middle income,"24,996 (17,333<e2><80><93>34,292)",0.252 (0.174<e2><80><93>0.345),0.116 (0.080<e2><80><93>0.159),0.0719 (0.0499<e2><80><93>0.0987)
Madagascar,Both,Low income,"11,433 (7,235<e2><80><93>17,272)",0.018 (0.011<e2><80><93>0.027),0.009 (0.006<e2><80><93>0.014),0.0312 (0.0198<e2><80><93>0.0472)
Malawi,Both,Low income,"2,735 (1,790<e2><80><93>3,929)",0.004 (0.003<e2><80><93>0.006),0.002 (0.001<e2><80><93>0.003),0.0111 (0.0073<e2><80><93>0.0160)
Mauritius,Both,Upper middle income,"2,408 (2,013<e2><80><93>2,868)",0.245 (0.205<e2><80><93>0.292),0.108 (0.090<e2><80><93>0.129),0.6644 (0.5555<e2><80><93>0.7913)
Mozambique,Both,Low income,"1,161 (769<e2><80><93>1,696)",0.002 (0.001<e2><80><93>0.002),0.001 (0.001<e2><80><93>0.001),0.0028 (0.0019<e2><80><93>0.0041)
Rwanda,Both,Low income,"7,566 (4,943<e2><80><93>10,743)",0.030 (0.020<e2><80><93>0.043),0.015 (0.010<e2><80><93>0.021),0.0634 (0.0414<e2><80><93>0.0900)
Somalia,Both,Low income,"2,159 (1,391<e2><80><93>3,262)",0.003 (0.002<e2><80><93>0.004),0.001 (0.001<e2><80><93>0.002),0.0093 (0.0060<e2><80><93>0.0140)
United Republic of Tanzania,Both,Lower middle income,"10,107 (6,639<e2><80><93>14,325)",0.052 (0.034<e2><80><93>0.073),0.024 (0.016<e2><80><93>0.034),0.0199 (0.0131<e2><80><93>0.0282)
Uganda,Both,Low income,"20,303 (13,341<e2><80><93>28,708)",0.070 (0.046<e2><80><93>0.099),0.034 (0.023<e2><80><93>0.049),0.0465 (0.0306<e2><80><93>0.0658)
Zambia,Both,Lower middle income,"3,547 (2,263<e2><80><93>5,142)",0.019 (0.012<e2><80><93>0.027),0.010 (0.006<e2><80><93>0.014),0.0219 (0.0140<e2><80><93>0.0318)
Botswana,Both,Upper middle income,"1,282 (803<e2><80><93>1,927)",0.078 (0.049<e2><80><93>0.118),0.037 (0.023<e2><80><93>0.055),0.1502 (0.0941<e2><80><93>0.2257)
Lesotho,Both,Lower middle income,"1,058 (674<e2><80><93>1,492)",0.003 (0.002<e2><80><93>0.005),0.002 (0.001<e2><80><93>0.003),0.0493 (0.0314<e2><80><93>0.0694)
Namibia,Both,Lower middle income,665 (442<e2><80><93>905),0.016 (0.011<e2><80><93>0.022),0.008 (0.005<e2><80><93>0.011),0.0477 (0.0317<e2><80><93>0.0649)
South Africa,Both,Upper middle income,"78,180 (63,457<e2><80><93>98,085)",2.936 (2.383<e2><80><93>3.684),1.454 (1.181<e2><80><93>1.823),0.3056 (0.2480<e2><80><93>0.3834)
Eswatini,Both,Lower middle income,563 (359<e2><80><93>837),0.014 (0.009<e2><80><93>0.020),0.007 (0.005<e2><80><93>0.011),0.0975 (0.0621<e2><80><93>0.1449)
Zimbabwe,Both,Lower middle income,"7,384 (4,717<e2><80><93>10,406)",0.065 (0.042<e2><80><93>0.092),0.032 (0.020<e2><80><93>0.045),0.0689 (0.0440<e2><80><93>0.0971)
Benin,Both,Lower middle income,"4,365 (2,902<e2><80><93>6,167)",0.023 (0.015<e2><80><93>0.033),0.011 (0.008<e2><80><93>0.016),0.0398 (0.0265<e2><80><93>0.0563)
Burkina Faso,Both,Low income,"4,959 (3,294<e2><80><93>6,833)",0.014 (0.010<e2><80><93>0.020),0.007 (0.005<e2><80><93>0.010),0.0227 (0.0151<e2><80><93>0.0312)
Cameroon,Both,Lower middle income,"13,570 (8,979<e2><80><93>19,509)",0.108 (0.072<e2><80><93>0.156),0.056 (0.037<e2><80><93>0.081),0.0705 (0.0467<e2><80><93>0.1014)
Cabo Verde,Both,Upper middle income,"912 (620<e2><80><93>1,277)",0.019 (0.013<e2><80><93>0.027),0.008 (0.005<e2><80><93>0.011),0.3542 (0.2407<e2><80><93>0.4958)
Chad,Both,Low income,"3,735 (2,397<e2><80><93>5,535)",0.011 (0.007<e2><80><93>0.016),0.006 (0.004<e2><80><93>0.009),0.0201 (0.0129<e2><80><93>0.0298)
Gambia,Both,Low income,391 (261<e2><80><93>555),0.001 (0.001<e2><80><93>0.002),0.001 (0.000<e2><80><93>0.001),0.0167 (0.0111<e2><80><93>0.0237)
Ghana,Both,Lower middle income,"17,347 (11,474<e2><80><93>24,713)",0.228 (0.151<e2><80><93>0.325),0.112 (0.074<e2><80><93>0.160),0.0894 (0.0592<e2><80><93>0.1274)
Guinea,Both,Lower middle income,"1,807 (1,209<e2><80><93>2,553)",0.010 (0.007<e2><80><93>0.015),0.005 (0.004<e2><80><93>0.008),0.0166 (0.0111<e2><80><93>0.0234)
Guinea-Bissau,Both,Low income,532 (348<e2><80><93>748),0.002 (0.001<e2><80><93>0.002),0.001 (0.001<e2><80><93>0.001),0.0271 (0.0177<e2><80><93>0.0381)
Liberia,Both,Low income,"2,295 (1,474<e2><80><93>3,415)",0.003 (0.002<e2><80><93>0.005),0.002 (0.001<e2><80><93>0.003),0.0355 (0.0228<e2><80><93>0.0528)
Mali,Both,Low income,"11,999 (8,038<e2><80><93>16,682)",0.043 (0.029<e2><80><93>0.060),0.022 (0.015<e2><80><93>0.031),0.0570 (0.0382<e2><80><93>0.0793)
Mauritania,Both,Lower middle income,"2,338 (1,520<e2><80><93>3,365)",0.027 (0.018<e2><80><93>0.039),0.013 (0.008<e2><80><93>0.018),0.0779 (0.0506<e2><80><93>0.1121)
Niger,Both,Low income,"6,191 (4,011<e2><80><93>8,614)",0.010 (0.007<e2><80><93>0.014),0.005 (0.004<e2><80><93>0.008),0.0205 (0.0133<e2><80><93>0.0286)
Nigeria,Both,Lower middle income,"25,242 (16,435<e2><80><93>35,464)",0.411 (0.268<e2><80><93>0.577),0.207 (0.135<e2><80><93>0.291),0.0207 (0.0135<e2><80><93>0.0291)
Sao Tome and Principe,Both,Lower middle income,38 (24<e2><80><93>54),0.000 (0.000<e2><80><93>0.001),0.000 (0.000<e2><80><93>0.000),0.0256 (0.0164<e2><80><93>0.0367)
Senegal,Both,Lower middle income,"5,541 (3,649<e2><80><93>7,928)",0.037 (0.024<e2><80><93>0.052),0.017 (0.011<e2><80><93>0.024),0.0425 (0.0280<e2><80><93>0.0608)
Sierra Leone,Both,Low income,"2,776 (1,781<e2><80><93>3,961)",0.011 (0.007<e2><80><93>0.016),0.006 (0.004<e2><80><93>0.009),0.0382 (0.0245<e2><80><93>0.0545)
Togo,Both,Low income,"2,987 (1,932<e2><80><93>4,293)",0.011 (0.007<e2><80><93>0.015),0.005 (0.003<e2><80><93>0.008),0.0361 (0.0234<e2><80><93>0.0519)
Tuvalu,Both,Upper middle income,15 (10<e2><80><93>20),0.000 (0.000<e2><80><93>0.000),0.000 (0.000<e2><80><93>0.000),0.2329 (0.1530<e2><80><93>0.3266)
Sudan,Both,Low income,"20,318 (12,232<e2><80><93>30,850)",0.048 (0.029<e2><80><93>0.074),0.023 (0.014<e2><80><93>0.035),0.0400 (0.0241<e2><80><93>0.0608)
