model,origin,h,target_year,DALY_actual,DALY_point,DALY_scenario_low,DALY_scenario_high,DALY_covered,DALY_ape,VLW_actual,VLW_point,VLW_scenario_low,VLW_scenario_high,VLW_covered,VLW_ape,rel_width_DALY,n_group_draws_nonpositive
ETS,2009,1,2010,4152048.421265119,4123757.378875102,4072244.5597436074,4174595.972206926,1,0.6813755409287132,517.5931846585214,515.4417446559838,508.52350717814994,522.2944339767165,1,0.41566235149656805,2.4819940423177482,0
ETS,2009,2,2011,4235920.825938205,4197151.524598764,4085261.813176474,4309572.325378824,1,0.9152508494030703,526.2887915493195,523.4777971812787,508.4510958231327,538.5623476924444,1,0.5341163279889867,5.344351064947396,0
ETS,2009,3,2012,4333189.879435751,4267188.757264456,4083704.153695698,4450618.149379586,1,1.523153242938185,536.698435668542,531.0869752394054,506.54631980466746,555.6183285933336,1,1.0455518511334136,8.598494619185855,0
ETS,2009,4,2013,4393727.959245902,4334050.466371659,4071050.834717082,4595747.9420067575,1,1.3582427821608887,542.0450192527753,538.2939458597313,503.11496123848013,573.2723138050505,1,0.6920224814933323,12.10639126980302,0
ETS,2009,5,2014,4530578.906771354,4397907.48754125,4050764.2059342978,4744531.293829249,1,2.928354675200892,558.1176685195273,545.1219042736966,498.7721678871375,591.4272528996075,1,2.3284989848652407,15.774935918054467,0
ETS,2009,6,2015,4725079.203087951,4458920.733791251,4020468.2007442215,4901122.846277003,1,5.632889055547671,581.0488858465535,551.5926627261766,492.9916339516196,610.8654466911076,1,5.069491369467291,19.75039921339877,0
ETS,2010,1,2011,4235920.825938205,4252289.048961072,4200199.807411705,4303529.948892622,1,0.3864147536147971,526.2887915493195,528.6910475587105,521.831986387206,535.4717237716106,1,0.4564520559746394,2.429988655314082,0
ETS,2010,2,2012,4333189.879435751,4348877.760083287,4238622.590754364,4459537.564550915,1,0.3620400001852486,536.698435668542,539.3375324088662,524.7050716573026,554.0257815288007,1,0.49172804780711543,5.079815667026711,0
ETS,2010,3,2013,4393727.959245902,4441981.259818325,4262041.241973254,4621420.20494176,1,1.0982314112297706,542.0450192527753,549.552087378265,525.7934650062844,573.2264261707701,1,1.384952883773087,8.090510561568744,0
ETS,2010,4,2014,4530578.906771354,4531739.690264783,4275099.965886351,4787925.507400279,1,0.0256210854576133,558.1176685195273,559.3532812439985,525.186104962135,593.1023339036492,1,0.22138928655470572,11.31630624361755,0
ETS,2010,5,2015,4725079.203087951,4618287.196797524,4277676.846198347,4958322.888329253,1,2.2601103960466165,581.0488858465535,568.7588611409958,523.9654996605852,613.6098805641046,1,2.115144698651623,14.738062253964806,0
ETS,2010,6,2016,4994006.586104154,4701752.19282312,4271097.779891525,5136636.153044262,1,5.852102680325501,613.7476956742455,577.7857894114198,521.1339257543298,635.3993732684471,1,5.859395728291729,18.408847120312238,0
ETS,2011,1,2012,4333189.879435751,4317566.4866987,4266240.837264539,4368224.751771055,1,0.36055176836804004,536.698435668542,535.2822837680441,528.5617350390845,541.9399495511998,1,0.26386361621006793,2.36206934671886,0
ETS,2011,2,2013,4393727.959245902,4396112.044309281,4288891.0516153,4503684.239087094,1,0.054261098672764435,542.0450192527753,543.8874299645955,529.7806307381962,558.0719105150336,1,0.33989994306377425,4.885980732675852,0
ETS,2011,3,2014,4530578.906771354,4471677.220138317,4297915.956546783,4645513.813683994,1,1.3000918391467275,558.1176685195273,552.1220526276792,529.3569423093654,574.8551548593653,1,1.0742566003603211,7.773321731984467,0
ETS,2011,4,2015,4725079.203087951,4544389.885364394,4297544.988069785,4790958.907213027,1,3.824048443578948,581.0488858465535,560.0031723963511,527.4930944792675,592.2077463938078,1,3.6220211350272202,10.857649356458712,0
ETS,2011,5,2016,4994006.586104154,4614372.0475102,4286980.98308225,4941461.685250338,0,7.601802922132468,613.7476956742455,567.5470040391449,524.9984220762091,610.0081595426882,0,7.527635860912824,14.183526933447638,0
ETS,2011,6,2017,5230668.763601395,4681740.127849364,4269882.702279824,5097962.967956923,0,10.494425484784202,640.9996073208337,574.7689951155149,520.9650625528682,629.2326904787576,0,10.332395129248328,17.68744618590122,0
ETS,2012,1,2013,4393727.959245902,4425414.473156345,4374961.012967898,4475169.33060041,1,0.7211760537828541,542.0450192527753,546.9410081101786,540.348827336676,553.4637111561375,1,0.9032439527167927,2.264382652525662,0
ETS,2012,2,2014,4530578.906771354,4514724.667485816,4411330.435687698,4618659.499448713,1,0.34993848715099957,558.1176685195273,556.821093070832,543.3008279491766,570.4409832625919,1,0.23231220257452626,4.5922858874242936,0
ETS,2012,3,2015,4725079.203087951,4601164.733166362,4434861.876728841,4767884.330965795,1,2.6224845043995844,581.0488858465535,566.3511533615767,544.6515698334463,588.0413857669197,1,2.529517368157939,7.237785942251605,0
ETS,2012,4,2016,4994006.586104154,4684834.174285109,4448956.839577134,4920478.245971681,0,6.190869124588625,613.7476956742455,575.5441098655751,544.6837626895529,606.1357854336209,0,6.22464020279555,10.064847310556079,0
ETS,2012,5,2017,5230668.763601395,4765828.8695476055,4453115.670212666,5077603.889502734,0,8.88681572208255,640.9996073208337,584.4123950892011,543.9835811695292,624.781774424172,0,8.827963634509599,13.103454538210215,0
ETS,2012,6,2018,5340356.51562367,4844241.208303569,4450908.856136071,5240958.735085903,0,9.28992860062195,651.1298257189403,592.9679718616286,541.8303390576209,644.6637710368293,0,8.932451188684642,16.309053265052093,0
ETS,2013,1,2014,4530578.906771354,4457909.78523341,4406684.978362925,4508652.270183916,0,1.6039698906763065,558.1176685195273,548.44232968196,541.7283108548202,555.1313365719591,0,1.7335661247264034,2.28733412593391,0
ETS,2013,2,2015,4725079.203087951,4520009.034122635,4417309.149850815,4623785.548509473,0,4.340036645974064,581.0488858465535,554.5765932692447,541.0308217883269,568.1769830227106,0,4.555949287939912,4.568052787061229,0
ETS,2013,3,2016,4994006.586104154,4579938.182262432,4416273.383541285,4743885.679373006,0,8.291306723420611,613.7476956742455,560.4577439627682,539.0469402337943,581.8379662820039,0,8.682713122520896,7.153203444983724,0
ETS,2013,4,2017,5230668.763601395,4637786.175409256,4406430.023184311,4868983.37472364,0,11.334737774217823,640.9996073208337,566.0972444723627,535.9100762108925,595.9531350065972,0,11.685243172228772,9.973580800078869,0
ETS,2013,5,2018,5340356.51562367,4693637.945441509,4389076.808978832,4998013.654621836,0,12.110026143200942,651.1298257189403,571.5060141607232,532.1717136599589,610.9980868648222,0,12.228561557643443,12.97366462264962,0
ETS,2013,6,2019,5409337.703633718,4747574.60031474,4365736.9135691365,5131562.541458111,0,12.233717685520713,654.6443394892658,576.6944553241012,527.4176081187126,626.7270567220569,0,11.90721120814682,16.130881394432524,0
ETS,2014,1,2015,4725079.203087951,4634661.225008977,4578434.722812184,4690401.864578034,0,1.9135759252434146,581.0488858465535,569.1484110621758,561.8102821989576,576.4114093862373,0,2.0481021604644205,2.4158646410155424,0
ETS,2014,2,2016,4994006.586104154,4736726.830753664,4644177.177276144,4829621.382928328,0,5.151770445525086,613.7476956742455,579.9599779324326,568.3382321047087,591.7065381092654,0,5.505147796065401,3.915028505510792,0
ETS,2014,3,2017,5230668.763601395,4836751.116341739,4706072.016878312,4966857.805663764,0,7.530923196681987,640.9996073208337,590.5553128668828,574.5425095992263,606.583407170358,0,7.869629540771693,5.3917553852284135,0
ETS,2014,4,2018,5340356.51562367,4934774.908337169,4764219.661814544,5105883.754710065,0,7.594654141534128,651.1298257189403,600.9387405162104,580.3856921437609,621.4008554181264,0,7.708306887541484,6.923600351422079,0
ETS,2014,5,2019,5409337.703633718,5030838.216769427,4814959.5568121085,5246545.381074052,0,6.9971502539032535,654.6443394892658,611.1144990378467,585.8119558615574,636.3657238075812,0,6.649387740124628,8.57880547268102,0
ETS,2014,6,2020,5543301.44389638,5124980.251464242,4865060.999632387,5385280.501261313,0,7.546426920237999,666.011942526678,621.0867418258397,591.047588750695,651.3071181588613,0,6.745404674036876,10.15066353631891,0
ETS,2015,1,2016,4994006.586104154,4913201.85578829,4848330.71090542,4977448.2906925185,0,1.6180341159481773,613.7476956742455,602.8310651140928,594.4093512861116,611.1873594030741,0,1.7786837550827839,2.627972218055404,0
ETS,2015,2,2017,5230668.763601395,5097614.700507265,4957935.983543231,5238111.472651941,1,2.54372947528264,640.9996073208337,624.1797825583453,606.1036927876174,642.3829297758158,1,2.623999230325529,5.496207649448856,0
ETS,2015,3,2018,5340356.51562367,5278339.125545812,5047694.8505259575,5507786.0751286205,1,1.1612968141063438,651.1298257189403,645.101502944624,615.2739404893111,674.9524382388854,1,0.925825010037,8.716590837749303,0
ETS,2015,4,2019,5409337.703633718,5455448.902553459,5122027.243898931,5789838.041207893,1,0.8524370532230839,654.6443394892658,665.6047666682983,622.3533830915716,708.6302208727026,1,1.6742567708724918,12.241170419475262,0
ETS,2015,5,2020,5543301.44389638,5629016.327681623,5179034.706690343,6078772.058844913,1,1.5462785968391113,666.011942526678,685.6979433077455,627.5707734764111,743.6775808936106,1,2.955802970496875,15.983917966802863,0
ETS,2015,6,2021,6029567.651407573,5799112.251094871,5227380.58720471,6371149.156478431,1,3.8220883094147466,721.6596713207388,705.3892350408721,631.6934768590914,779.4720292256933,1,2.2545857731095698,19.72316657705286,0
ETS,2016,1,2017,5230668.763601395,5257319.292899108,5185815.980550567,5327853.439422628,1,0.5095051990897425,640.9996073208337,645.7282131731773,636.3820314155582,654.9955701715979,1,0.7376924725597993,2.7017088169612724,0
ETS,2016,2,2018,5340356.51562367,5515443.569077491,5359062.979382668,5672371.391543916,0,3.2785648849770346,651.1298257189403,677.0711416003699,656.6521557907103,697.6280448618493,0,3.9840466304529407,5.680566000490374,0
ETS,2016,3,2019,5409337.703633718,5768405.349718999,5509560.8864649525,6026465.707988772,0,6.6379225287427985,654.6443394892658,707.7872104982944,673.8199632867608,741.8614393369047,0,8.117823343663074,8.96096564276641,0
ETS,2016,4,2020,5543301.44389638,6016307.884934635,5639759.499344919,6393454.866320435,0,8.532937380828761,666.011942526678,737.8889570767507,688.4688492571477,787.2552745674235,0,10.79215100518915,12.527539836563811,0
ETS,2016,5,2021,6029567.651407573,6259252.359829178,5749306.85602439,6766898.472638705,1,3.809306432907937,721.6596713207388,767.3886678009585,701.0589687475173,833.9527556583339,1,6.336642921521336,16.257398777289207,0
ETS,2016,6,2022,6384465.217175624,6497337.935801387,5850272.714154783,7147011.950462108,1,1.7679275363911438,770.5003415641659,796.2983834064564,711.5598926493574,881.6972887035771,1,3.3482193907816904,19.958008173810402,0
ETS,2017,1,2018,5340356.51562367,5462506.939656996,5391780.253752593,5532501.872114467,0,2.28730841613223,651.1298257189403,668.3566199508699,659.0655812336597,677.5843391499147,0,2.6456773367598023,2.5761361938097735,0
ETS,2017,2,2019,5409337.703633718,5689812.270989882,5534638.440776177,5845263.399420365,0,5.185007531841746,654.6443394892658,695.1675500290554,674.8483615058269,715.6520807599617,0,6.190110888517666,5.459318231428174,0
ETS,2017,3,2020,5543301.44389638,5912571.475561558,5655565.520853456,6169350.457481453,0,6.661554227251595,666.011942526678,721.442259173004,687.6434302668871,755.2146503773105,0,8.322721126596862,8.689703604457472,0
ETS,2017,4,2021,6029567.651407573,6130875.476309942,5757259.943639074,6504372.571974213,1,1.6801838997314986,721.6596713207388,747.1914718480538,698.0471871521447,796.181516432424,1,3.5379281317727247,12.186067572600768,0
ETS,2017,5,2022,6384465.217175624,6344813.3777061375,5840674.588320941,6848748.483195458,1,0.6210675149864491,770.5003415641659,772.4256980293037,706.2688693616382,838.559569573669,1,0.24988392104138973,15.888156748890372,0
ETS,2017,6,2023,6468654.8701936295,6554472.502123934,5913313.250309425,7198970.903503318,1,1.3266688925658492,771.969704916931,797.1552374914354,712.9864272955618,881.8345982075115,1,3.2625027140429657,19.61496753212839,0
ETS,2018,1,2019,5409337.703633718,5444116.67112111,5360038.049616287,5527618.8370777005,1,0.6429431733210015,654.6443394892658,661.314684204984,650.2438500094935,672.2921983909438,1,1.0189265091518582,3.0781997812494173,0
ETS,2018,2,2020,5543301.44389638,5542202.693989558,5361894.943382881,5722663.86930062,1,0.01982121877986483,666.011942526678,670.7836725833049,647.1318202521104,694.6138710475418,1,0.7164631370609026,6.50948631505282,0
ETS,2018,3,2021,6029567.651407573,5635012.6588425245,5343415.973107483,5926071.545820566,0,6.543669718556718,721.6596713207388,679.5977201544191,641.2959103789082,717.7758445410035,0,5.828502386636123,10.339915950300007,0
ETS,2018,4,2022,6384465.217175624,5722949.494007332,5309216.883622564,6137729.8422399415,0,10.361333340632326,770.5003415641659,687.8117021715,633.4811302046207,742.1797440828238,0,10.731810867832008,14.477027265135526,0
ETS,2018,5,2023,6468654.8701936295,5806381.381847471,5259365.274241663,6354311.715522031,0,10.238194827765396,771.969704916931,695.475647635016,623.9819699427497,767.2259888421249,0,9.908945492899402,18.857639022877606,0
ETS,2019,1,2020,5543301.44389638,5476248.544505082,5392825.002066114,5559357.591497047,1,1.2096202970366838,666.011942526678,658.9472845040344,647.9100249445421,669.9561771469347,1,1.0607404419569548,3.0409976478885934,0
ETS,2019,2,2021,6029567.651407573,5541345.513867588,5363020.213422911,5720485.857391325,0,8.097133422593119,721.6596713207388,663.0857263549736,639.6130941587171,686.8170352216005,0,8.116560657819019,6.450881705063001,0
ETS,2019,3,2022,6384465.217175624,5604632.647247902,5316198.104640439,5891915.222483027,0,12.214532359418296,770.5003415641659,667.0701501301211,629.206993265315,704.9641969901123,0,13.423769705808924,10.272165083384861,0
ETS,2019,4,2023,6468654.8701936295,5666196.843118373,5258411.290439452,6074067.1945596,0,12.40533067814199,771.969704916931,670.9107488395001,617.3129294941073,724.3972424820265,0,13.091052075457485,14.395121219813722,0
ETS,2020,1,2021,6029567.651407573,5670306.744749122,5584703.609671819,5755560.736317752,0,5.958319525191551,721.6596713207388,677.0835136833992,665.8486865041731,688.266184463838,0,6.176894651153067,3.0131901912388046,0
ETS,2020,2,2022,6384465.217175624,5791607.310364172,5607821.922863104,5976009.724039263,0,9.28594465855235,770.5003415641659,687.4900265319222,663.5597941933562,711.5775298116429,0,10.77355979670655,6.357264597640812,0
ETS,2020,3,2023,6468654.8701936295,5907413.766735205,5609396.282895664,6203412.478136259,0,8.676318565773538,771.969704916931,697.258309370879,658.5366537905247,735.8263400331455,0,9.678021698285615,10.055435740518387,0
ETS,2021,1,2022,6384465.217175624,6293221.111274935,6135224.856981775,6448257.342494254,1,1.4291581643396254,770.5003415641659,746.7788930972775,726.6320878030576,766.6673346945047,0,3.0787070669861394,4.974121836457488,0
ETS,2021,2,2023,6468654.8701936295,6552425.046376894,6295822.148117689,6807905.79901944,1,1.295016937281076,771.969704916931,771.4105753401797,739.6825729487701,803.0051165679479,1,0.07242895325944876,7.815177545371585,0
ETS,2022,1,2023,6468654.8701936295,6778171.346697951,6611800.8897932395,6942357.204862058,0,4.78486613856176,771.969704916931,817.3309222945974,796.8939028670384,837.5078719892912,0,5.876035949175944,4.876777203778601,0
ARIMA,2009,1,2010,4152048.421265119,4145785.8850185154,4110577.576976062,4180875.3354711686,1,0.15083003884370985,517.5931846585214,518.4987383288457,513.9080613587009,523.0724153499597,1,0.17495471292221232,1.6956437318468238,0
ARIMA,2009,2,2011,4235920.825938205,4244682.433773715,4173409.821446088,4316708.557211627,1,0.2068406893221198,526.2887915493195,530.041397006192,520.773313240957,539.3713766429535,1,0.7130316125155123,3.375958932177172,0
ARIMA,2009,3,2012,4333189.879435751,4343578.982528916,4244333.651704567,4442579.619739852,1,0.2397564699961359,536.698435668542,541.5840556835383,529.1796026217235,553.9953538753359,1,0.910310090416144,4.5641156482404455,0
ARIMA,2009,4,2013,4393727.959245902,4442475.531284115,4316997.959524599,4567816.23495535,1,1.1094808893580272,542.0450192527753,553.1267143608846,537.9334450640251,568.2408346283866,1,2.0444233808080674,5.645912367203315,0
ARIMA,2009,5,2014,4530578.906771354,4541372.080039315,4388910.715913649,4693797.166429247,1,0.23822945124803338,558.1176685195273,564.6693730382308,547.119550660521,582.2983548866194,1,1.1738930494858926,6.713531618685573,0
ARIMA,2009,6,2015,4725079.203087951,4640268.628794515,4461697.705864788,4818833.021476658,1,1.794902702117898,581.0488858465535,576.2120317155773,556.2270712068166,596.2086913544557,1,0.8324349721330637,7.696436223448759,0
ARIMA,2010,1,2011,4235920.825938205,4257739.55011013,4223301.97373461,4291993.314715179,1,0.5150881017019912,526.2887915493195,529.4105806633927,524.9572680914504,533.84269736465,1,0.5931703589740296,1.6133288608222207,0
ARIMA,2010,2,2012,4333189.879435751,4364780.608241122,4295191.641580953,4435106.514539902,1,0.7290409533007856,536.698435668542,541.4182868255053,532.4340005074475,550.4541898782811,1,0.8794233117307436,3.2055419393766598,0
ARIMA,2010,3,2013,4393727.959245902,4471821.666372113,4374540.201745592,4568792.005140201,1,1.7773905860938792,542.0450192527753,553.425992987618,541.411592298817,565.4533657762432,1,2.0996362535590967,4.343907648540045,0
ARIMA,2010,4,2014,4530578.906771354,4578862.724503105,4455569.1354054,4702226.843644951,1,1.0657317469868084,558.1176685195273,565.4336991497305,550.6852643034995,580.1031887796977,1,1.3108401763394786,5.386877115131637,0
ARIMA,2010,5,2015,4725079.203087951,4685903.782634095,4535745.354056596,4836345.398066639,1,0.8290955298326788,581.0488858465535,577.4414053118431,560.3692356101545,594.5514806896991,1,0.6208566305835831,6.414985410585326,0
ARIMA,2010,6,2016,4994006.586104154,4792944.840765087,4616742.776659334,4969445.436404278,0,4.0260608766220285,613.7476956742455,589.4491114739557,569.9992543597432,608.895013354665,0,3.959050986512644,7.3587882077241344,0
ARIMA,2011,1,2012,4333189.879435751,4324698.872799269,4290065.521970827,4359255.191387052,1,0.19595279396312526,536.698435668542,536.2285272290098,531.7768579186061,540.6742982070083,1,0.08755539578697684,1.5998725333549026,0
ARIMA,2011,2,2013,4393727.959245902,4424097.942537743,4353068.06879666,4495792.17688687,1,0.691212190958075,542.0450192527753,547.6635223560444,538.5619042334621,556.8371839204563,1,1.0365380925396808,3.2260612207048163,0
ARIMA,2011,3,2014,4530578.906771354,4523497.012276216,4423850.219673687,4622694.744330758,1,0.1563132359212074,558.1176685195273,559.0985174830789,546.8407967211107,571.3416251491371,1,0.17574232440148274,4.395814214476807,0
ARIMA,2011,4,2015,4725079.203087951,4622896.08201469,4496911.466559719,4748998.314483442,1,2.162569486803138,581.0488858465535,570.5335126101135,555.5067931807615,585.4640220600867,1,1.8097226399668198,5.453007020955181,0
ARIMA,2011,5,2016,4994006.586104154,4722295.151753165,4568369.167277484,4876521.648797268,0,5.4407504208550135,613.7476956742455,581.9685077371481,564.5545653327677,599.4480626192898,0,5.177891202049352,6.525481182712212,0
ARIMA,2011,6,2017,5230668.763601395,4821694.221491639,4640762.605893016,5002447.346971897,0,7.818781127103364,640.9996073208337,593.4035028641827,573.5740753293455,613.263504733819,0,7.425293855574573,7.501196145262626,0
ARIMA,2012,1,2013,4393727.959245902,4440041.914233304,4406142.466736261,4473842.214675163,0,1.0540924567244025,542.0450192527753,548.929449668862,544.5785264870958,553.2767423269678,0,1.270084618723573,1.5247547038211318,0
ARIMA,2012,2,2014,4530578.906771354,4542801.3081725845,4473087.120073794,4613082.249552631,1,0.26977570974346493,558.1176685195273,560.5849474073282,551.670093753175,569.5700481470132,1,0.4420714532018987,3.081691669564825,0
ARIMA,2012,3,2015,4725079.203087951,4645560.702111866,4547777.605080611,4743047.728959167,1,1.6829030278289834,581.0488858465535,572.2404451457943,560.2333060600407,584.2374754581333,1,1.515955183000796,4.20337040886769,0
ARIMA,2012,4,2016,4994006.586104154,4748320.096051146,4624737.208524835,4872154.243079291,0,4.919626873072838,613.7476956742455,583.8959428842606,569.167702881729,598.5276534386487,0,4.863847636477166,5.210622484364845,0
ARIMA,2012,5,2017,5230668.763601395,4851079.489990427,4699760.119444399,5002503.301629847,0,7.256993144976268,640.9996073208337,595.5514406227268,578.4810256662072,612.6993443180685,0,7.090201956295291,6.240738433788171,0
ARIMA,2012,6,2018,5340356.51562367,4953838.883929709,4776108.330987784,5131344.929462285,0,7.2376746863841515,651.1298257189403,607.206938361193,587.759840544335,626.6822971386935,0,6.745642055215358,7.1709356480464255,0
ARIMA,2013,1,2014,4530578.906771354,4457761.386266954,4419525.7413817365,4496132.052285009,0,1.6072453874618067,558.1176685195273,548.3272864747203,543.3155215434555,553.3635974716859,0,1.7541788402394092,1.7184928547156877,0
ARIMA,2013,2,2015,4725079.203087951,4555596.045689136,4476067.0093166875,4634927.284793224,0,3.5868850047646608,581.0488858465535,559.3598911141225,548.99698289685,569.6961368026161,0,3.7327314896803196,3.4871457847291536,0
ARIMA,2013,3,2016,4994006.586104154,4653430.705111317,4543399.267979177,4763355.603385744,0,6.819692267537057,613.7476956742455,570.3924957535249,556.4554663213904,584.2619492310538,0,7.06401021564599,4.726756437244622,0
ARIMA,2013,4,2017,5230668.763601395,4751265.364533499,4614029.699248496,4888349.606522861,0,9.16524101858478,640.9996073208337,581.4251003929273,564.4834716689012,598.2831213531864,0,9.294000534088946,5.773617893920738,0
ARIMA,2013,5,2018,5340356.51562367,4849100.02395568,4683453.323096689,5015217.354655986,0,9.198945617783695,651.1298257189403,592.4577050323297,572.894943310244,611.9934454000181,0,9.010817561893772,6.841765068163277,0
ARIMA,2013,6,2019,5409337.703633718,4946934.683377862,4753078.079402046,5139975.222024098,0,8.548237244371661,654.6443394892658,603.4903096717322,581.1501753305856,625.7799626700743,0,7.814018503152786,7.82094705883343,0
ARIMA,2014,1,2015,4725079.203087951,4642480.153655584,4596920.014334687,4687953.66337377,0,1.748098727707816,581.0488858465535,570.1781863013638,564.2352178841722,576.140797491769,0,1.8708752068858654,1.960883967751621,0
ARIMA,2014,2,2016,4994006.586104154,4754381.4005398145,4684479.488078889,4824600.656178971,0,4.798255297281692,613.7476956742455,582.2387040832001,573.5485155685573,590.9746363895857,0,5.133867192190519,2.9472008300422,0
ARIMA,2014,3,2017,5230668.763601395,4866282.647424044,4772768.26366103,4959803.020037656,0,6.966338964397849,640.9996073208337,594.2992218650367,583.3299422827572,605.2554022899861,0,7.285556016327243,3.843483207364299,0
ARIMA,2014,4,2018,5340356.51562367,4978183.894308275,4860749.842400131,5095776.792092868,0,6.7818060508849625,651.1298257189403,606.3597396468731,593.3014654946602,619.4491791530361,0,6.875754158955112,4.721138364564064,0
ARIMA,2014,5,2019,5409337.703633718,5090085.141192505,4945148.591872451,5235136.737235882,0,5.901878934767844,654.6443394892658,618.4202574287094,603.2830012650679,633.7087367173821,0,5.533398805344799,5.697117775430629,0
ARIMA,2014,6,2020,5543301.44389638,5201986.388076734,5030315.99395571,5372743.721157096,0,6.157252303056001,666.011942526678,630.4807752105459,613.2031572486959,647.7655256040194,0,5.334914443326053,6.582634048913532,0
ARIMA,2015,1,2016,4994006.586104154,4874121.219460805,4825162.088097123,4923400.624306254,0,2.4005848726137105,613.7476956742455,597.233599898485,590.9428990511525,603.5232712966426,0,2.690697805002533,2.0155127824251813,0
ARIMA,2015,2,2017,5230668.763601395,5003554.692213875,4904611.891799721,5102486.662585549,0,4.34197005491796,640.9996073208337,610.6587533417055,598.1783331224395,623.14355389604,0,4.73336545492483,3.9546838789180168,0
ARIMA,2015,3,2018,5340356.51562367,5132988.1649669465,4995265.989917078,5270849.096836882,0,3.8830432022665478,651.1298257189403,624.0839067849262,607.2466903187693,640.8365959585066,0,4.153690687437268,5.368863088379598,0
ARIMA,2015,4,2019,5409337.703633718,5262421.637720017,5089096.343908135,5435949.086355572,1,2.715971417628644,654.6443394892658,637.5090602281467,617.0328128100542,657.9717393721185,1,2.617494451183603,6.591124131165463,0
ARIMA,2015,5,2020,5543301.44389638,5391855.110473087,5181314.812133114,5602834.789049581,1,2.732060216390501,666.011942526678,650.9342136713674,626.8462137001952,675.0297347507366,1,2.263882656234301,7.817717061753209,0
ARIMA,2015,6,2021,6029567.651407573,5521288.583226157,5274502.021013337,5765814.670544641,0,8.42977635490599,721.6596713207388,664.3593671145879,637.0036465288574,691.6576777275523,0,7.940072929568477,8.898514216842907,0
ARIMA,2016,1,2017,5230668.763601395,5242643.954543417,5181684.760627055,5303398.995375845,1,0.22894187116862885,640.9996073208337,643.5346833161515,635.5238368537932,651.5171213904619,1,0.395487917054051,2.321619316591377,0
ARIMA,2016,2,2018,5340356.51562367,5440418.631297232,5302992.642520911,5578120.464145872,1,1.8736972968156957,651.1298257189403,666.1615709305926,648.1646217363251,684.2894005641942,1,2.308563456612523,5.057107554963254,0
ARIMA,2016,3,2019,5409337.703633718,5594582.3286430705,5379697.144433064,5808567.20800341,1,3.4245342989940233,654.6443394892658,682.6492047126188,654.7070293614955,710.5211098867867,0,4.277874799192733,7.665810213831733,0
ARIMA,2016,4,2020,5543301.44389638,5725788.16507007,5444747.862535792,6007078.020147461,1,3.2920223267782456,666.011942526678,695.904988681975,659.5967600790893,732.2775236406887,1,4.4883648845530475,9.821008765957158,0
ARIMA,2016,5,2021,6029567.651407573,5852170.473010609,5513058.259775079,6194510.41943734,1,2.942121038405663,721.6596713207388,708.4817494753268,665.4232195043414,751.9434482477336,1,1.8260576791404408,11.644434535955908,0
ARIMA,2016,6,2022,6384465.217175624,5983489.816081349,5592177.782509081,6374358.927224865,0,6.280485325780505,770.5003415641659,721.7535121295703,672.7755332920827,770.7721572281022,1,6.326646051270577,13.072323489438858,0
ARIMA,2017,1,2018,5340356.51562367,5409874.12830924,5350024.486248285,5469472.072351159,0,1.3017410444825142,651.1298257189403,660.8273092811098,652.9680678908635,668.6722537444423,0,1.4893318012981671,2.2079549961766904,0
ARIMA,2017,2,2019,5409337.703633718,5547575.395437938,5414931.029576318,5680564.166444529,0,2.555538207780204,654.6443394892658,674.8177074201553,657.4567593783036,692.2920681441577,0,3.081576775967878,4.788274479093237,0
ARIMA,2017,3,2020,5543301.44389638,5669789.858976737,5466383.31854923,5872429.245979493,1,2.281824583428172,666.011942526678,686.6299789874431,660.2645037095037,712.9587871639285,1,3.095745758333637,7.161569256176003,0
ARIMA,2017,4,2021,6029567.651407573,5795044.413977398,5533872.056740115,6056875.465136869,1,3.8895531319799925,721.6596713207388,698.8698212897261,665.3227628194209,732.4571398107688,1,3.157977497800868,9.025011217089068,0
ARIMA,2017,5,2022,6384465.217175624,5930089.850513502,5618692.929774752,6243885.046519056,0,7.116890001056815,770.5003415641659,712.4866926935589,673.3657858718293,751.94397934009055,0,7.529347586379453,10.542709006174114,0
ARIMA,2017,6,2023,6468654.8701936295,6073409.778792384,5717628.230891084,6428812.832015823,0,6.110158902161592,771.969704916931,727.2673220173598,683.2936052161465,771.272678625734,0,5.790691346415146,11.709807620887188,0
ARIMA,2018,1,2019,5409337.703633718,5387015.54356953,5326072.5849224925,5447671.406901822,1,0.4126597614564337,654.6443394892658,653.223797819818,645.2352268427562,661.1885296184341,1,0.21699441723671237,2.257257678130931,0
ARIMA,2018,2,2020,5543301.44389638,5446524.088900926,5311059.690860607,5582228.724079695,1,1.7458432664168804,666.011942526678,657.1227266958152,639.4269140158735,674.9472377720367,1,1.3346931583748156,4.978753950096053,0
ARIMA,2018,3,2021,6029567.651407573,5559779.0128996605,5359623.093023801,5759128.810737148,0,7.791415001343305,721.6596713207388,668.57134692621,642.8304299831007,694.3065464782653,0,7.356421108771345,7.185640234736372,0
ARIMA,2018,4,2022,6384465.217175624,5717829.602283058,5474945.474660445,5961021.443400308,0,10.44152630198641,770.5003415641659,686.3123622175317,655.5734176620273,717.0533015133191,0,10.926403896944041,8.501057263857223,0
ARIMA,2018,5,2023,6468654.8701936295,5885195.448427249,5608916.9436335815,6161555.238030796,0,9.01979520432995,771.969704916931,705.3618808010702,671.8390474017618,739.2445443487006,0,8.628295086143082,9.390313359004937,0
ARIMA,2019,1,2020,5543301.44389638,5492796.653913939,5432152.989360696,5553122.796332045,1,0.9110958603568404,666.011942526678,661.1471232642376,653.2459705813488,669.0335190603354,1,0.7304402446575536,2.202335432992075,0
ARIMA,2019,2,2021,6029567.651407573,5620249.712121876,5487185.858564576,5753579.252472529,0,6.788512260744668,721.6596713207388,673.8215920727386,656.5634404362744,691.191850949582,0,6.6288974081716106,4.739885370811728,0
ARIMA,2019,3,2022,6384465.217175624,5781013.431653372,5585168.285930222,5976173.815504245,0,9.451876782080877,770.5003415641659,691.1690255038058,666.1745325185486,716.1272377718929,0,10.296077987364987,6.76361565660981,0
ARIMA,2019,4,2023,6468654.8701936295,5946918.369681226,5707869.930194426,6186019.826171712,0,8.065610408687425,771.969704916931,709.2376914531051,679.2358485993371,739.2286217809257,0,8.126227371911746,8.04029694463279,0
ARIMA,2020,1,2021,6029567.651407573,5721172.422159329,5659230.003340327,5782837.563497324,0,5.114715466808818,721.6596713207388,684.0886728723876,676.1268398482546,692.0279209031648,0,5.206193437356825,2.1605284902485677,0
ARIMA,2020,2,2022,6384465.217175624,5912577.359828136,5778966.8733762745,6046730.952341533,0,7.391188475395021,770.5003415641659,704.0626560724342,686.9554085929364,721.2862397353247,0,8.622667883165228,4.528720093956488,0
ARIMA,2020,3,2023,6468654.8701936295,6090224.963503395,5895943.28874499,6284180.753760202,0,5.850210194919652,771.969704916931,722.1080727381355,697.7158720774729,746.43891570587,0,6.459014111720995,6.374763942904975,0
ARIMA,2021,1,2022,6384465.217175624,6632377.068334293,6521667.620076778,6741122.323407036,0,3.883048034966665,770.5003415641659,790.6147656189368,776.4147564784096,804.5704996319405,0,2.610566533161725,3.3088393658741944,0
ARIMA,2021,2,2023,6468654.8701936295,7172776.111284444,6902438.505963202,7440493.510284933,0,10.885126123133816,771.969704916931,848.5544683921638,814.2241439448698,882.8704753176587,0,9.920695460902028,7.5013494911021414,0
ARIMA,2022,1,2023,6468654.8701936295,6581920.994586691,6434700.668847132,6727055.833956041,1,1.750999653961617,771.969704916931,791.3451378169573,773.3308207418067,809.0706542241519,0,2.5098695941845475,4.441790859376125,0
Naive,2009,1,2010,4152048.421265119,4046868.3748487006,3878698.323063803,4212051.060873574,1,2.5332085694793154,517.5931846585214,506.9531173931551,485.4422304170338,528.2062775642862,1,2.0556814851389587,8.237301214973016,0
Naive,2009,2,2011,4235920.825938205,4046868.3748487006,3812847.3909033807,4282692.341745007,1,4.463078014392108,526.2887915493195,506.9531173931551,476.92067048769974,537.2299378556093,1,3.6739665496661917,11.610087290254212,0
Naive,2009,3,2012,4333189.879435751,4046868.3748487006,3759181.182619733,4334186.345063712,1,6.6076380808018875,536.698435668542,506.9531173931551,469.92963547679335,543.8074754522478,1,5.542277804170309,14.208645035693241,0
Naive,2009,4,2013,4393727.959245902,4046868.3748487006,3715167.8894941397,4376937.202129542,0,7.894425590626068,542.0450192527753,506.9531173931551,464.26048402563015,549.508101588339,1,6.473982900533877,16.35262754648262,0
Naive,2009,5,2014,4530578.906771354,4046868.3748487006,3675738.0311561404,4415752.904789334,0,10.676572285270327,558.1176685195273,506.9531173931551,459.5019215528492,554.4598211524835,0,9.167341227897737,18.28611175575634,0
Naive,2009,6,2015,4725079.203087951,4046868.3748487006,3640529.6978088035,4453632.669756549,0,14.35342772235487,581.0488858465535,506.9531173931551,454.5966975413342,559.5164454755044,0,12.752071341715993,20.09215266306123,0
Naive,2010,1,2011,4235920.825938205,4152048.421265119,3984916.562386031,4316122.387721647,1,1.9800276756709514,526.2887915493195,517.5931846585213,496.202864522242,538.6432436359953,1,1.6522500631639112,7.97692588649287,0
Naive,2010,2,2012,4333189.879435751,4152048.421265119,3919317.6935586836,4386308.027890959,1,4.1803258848702685,536.698435668542,517.5931846585213,487.7420168979227,547.5791400912384,1,3.5597739326782403,11.247227559788051,0
Naive,2010,3,2013,4393727.959245902,4152048.421265119,3866069.5177487317,4437673.480970111,1,5.500557618097547,542.0450192527753,517.5931846585213,480.92577605959116,554.2579153955983,1,4.51103390415091,13.766794247722494,0
Naive,2010,4,2014,4530578.906771354,4152048.421265119,3822194.7573550073,4479536.018238975,0,8.3550136372305,558.1176685195273,517.5931846585213,475.19912304453976,559.7505524447354,1,7.260921154584121,15.83173398261278,0
Naive,2010,5,2015,4725079.203087951,4152048.421265119,3784973.2753948346,4518103.101998703,0,12.127432307342968,581.0488858465535,517.5931846585213,470.6529455256229,564.7947888620993,0,10.920888540312928,17.657063507474348,0
Naive,2010,6,2016,4994006.586104154,4152048.421265119,3746111.1447135746,4557732.366618079,0,16.859372336067537,613.7476956742455,517.5931846585213,465.7541981552386,569.8139351359475,0,15.666781593386128,19.547489324732044,0
Naive,2011,1,2012,4333189.879435751,4235920.825938205,4072514.6986884177,4397035.472208894,1,2.244744777032743,536.698435668542,526.2887915493195,505.30371956489313,547.0017644539676,1,1.9395704230543531,7.661162397873637,0
Naive,2011,2,2013,4393727.959245902,4235920.825938205,4007795.070795071,4465677.180310549,1,3.5916455176888293,542.0450192527753,526.2887915493195,496.8706032926199,555.7807074471756,1,2.90681163811379,10.809505850810208,0
Naive,2011,3,2014,4530578.906771354,4235920.825938205,3954713.905305668,4516198.036858755,0,6.5037622541515905,558.1176685195273,526.2887915493195,490.1541301911366,562.2931020600556,1,5.702897214244743,13.255302793076297,0
Naive,2011,4,2015,4725079.203087951,4235920.825938205,3912604.1912764073,4559188.626111219,0,10.35238471410319,581.0488858465535,526.2887915493195,484.61727725938704,567.750521148166,0,9.424352344717398,15.264318229829065,0
Naive,2011,5,2016,4994006.586104154,4235920.825938205,3874904.17679057,4595234.610306966,0,15.179911101345473,613.7476956742455,526.2887915493195,479.9843504004398,572.6743275988861,0,14.249976780580198,17.005285582901607,0
Naive,2011,6,2017,5230668.763601395,4235920.825938205,3839104.506611971,4634243.389590286,0,19.017605255093443,640.9996073208337,526.2887915493195,475.33212117649947,577.7048557561886,0,17.895614047404397,18.771334867955208,0
Naive,2012,1,2013,4393727.959245902,4333189.879435751,4171405.4586445084,4493123.666047948,1,1.3778294963109434,542.0450192527753,536.698435668542,515.9065101051427,557.2117124146171,1,0.9863726063941683,7.424512111279388,0
Naive,2012,2,2014,4530578.906771354,4333189.879435751,4106580.19010947,4561295.533473998,1,4.356816896855901,558.1176685195273,536.698435668542,507.46345716435405,565.9992588444333,1,3.837762905410686,10.493778394583979,0
Naive,2012,3,2015,4725079.203087951,4333189.879435751,4054438.116229472,4611461.793536489,0,8.29381491417311,581.0488858465535,536.698435668542,500.81001527260264,572.4161253574348,0,7.632825956355738,12.854818108722018,0
Naive,2012,4,2016,4994006.586104154,4333189.879435751,4011940.101004447,4653977.948226396,0,13.232195338050385,613.7476956742455,536.698435668542,495.28299359651135,577.6914570890972,0,12.55389805106469,14.816748517504443,0
Naive,2012,5,2017,5230668.763601395,4333189.879435751,3975012.2132912874,4690904.823077924,0,17.15801410349136,640.9996073208337,536.698435668542,490.7739917706094,582.6350716496053,0,16.271643611177254,16.521145615706477,0
Naive,2012,6,2018,5340356.51562367,4333189.879435751,3939462.77158218,4729204.804594717,0,18.85953930681158,651.1298257189403,536.698435668542,486.17324351434104,587.9152162553661,0,17.574281737754795,18.2254194943189,0
Naive,2013,1,2014,4530578.906771354,4393727.959245902,4238207.623828148,4547983.654469035,1,3.020606203788149,558.1176685195273,542.0450192527753,521.9197595784805,562.0870906855998,1,2.879795816066281,7.050414443366088,0
Naive,2013,2,2015,4725079.203087951,4393727.959245902,4176469.419669711,4611908.48862464,0,7.012607188161072,581.0488858465535,542.0450192527753,513.7038564918311,570.5501572710966,0,6.712665241058311,9.910469491826786,0
Naive,2013,3,2016,4994006.586104154,4393727.959245902,4127043.769504046,4661004.834732418,0,12.01998068101332,613.7476956742455,542.0450192527753,507.4468095494742,576.6659402198707,0,11.682760998833519,12.152802134796165,0
Naive,2013,4,2017,5230668.763601395,4393727.959245902,4085990.3175216964,4700745.296770621,0,16.000646230545236,640.9996073208337,542.0450192527753,501.7507463054202,581.9093534595687,0,15.437542697047164,13.991648662618509,0
Naive,2013,5,2018,5340356.51562367,4393727.959245902,4049403.9256188152,4737805.496286816,0,17.725943082794675,651.1298257189403,542.0450192527753,497.48985459221365,586.8607521918093,0,16.753157689516033,15.66782415873903,0
Naive,2013,6,2019,5409337.703633718,4393727.959245902,4017454.1186591657,4774132.62908129,0,18.775121836183043,654.6443394892658,542.0450192527753,493.05424860029825,591.7571622816703,0,17.200075437043747,17.22178790859855,0
Naive,2014,1,2015,4725079.203087951,4530578.906771354,4367770.931490686,4690863.328197138,0,4.116339387273892,581.0488858465535,558.1176685195273,537.3053596969518,578.7554753454883,0,3.946521176719365,7.131371141634067,0
Naive,2014,2,2016,4994006.586104154,4530578.906771354,4303424.662677844,4759014.930694222,0,9.279676975642943,613.7476956742455,558.1176685195273,528.9915051525754,587.3909861856342,0,9.063989575326165,10.055895226445744,0
Naive,2014,3,2017,5230668.763601395,4530578.906771354,4252003.134251773,4810498.408259399,0,13.384327864569624,640.9996073208337,558.1176685195273,522.2382545869348,593.8263528585713,0,12.930107578025735,12.327238648749828,0
Naive,2014,4,2018,5340356.51562367,4530578.906771354,4210028.111876495,4851699.827068851,0,15.16336234263091,651.1298257189403,558.1176685195273,516.8253129526436,599.2722757901429,0,14.28473301721577,14.163128562518148,0
Naive,2014,5,2019,5409337.703633718,4530578.906771354,4170008.3891781615,4888484.185615941,0,16.24521974791957,654.6443394892658,558.1176685195273,512.0485646322123,604.2712913190181,0,14.74490271237138,15.858366253459424,0
Naive,2014,6,2020,5543301.44389638,4530578.906771354,4136417.915007814,4927614.156162729,0,18.269303002457402,666.011942526678,558.1176685195273,507.5898513012711,609.1287234482213,0,16.200050947709368,17.463468961381544,0
Naive,2015,1,2016,4994006.586104154,4725079.203087951,4542803.942299885,4903493.756973164,0,5.385002570170698,613.7476956742455,581.0488858465535,558.3809157275525,603.3460706861736,0,5.327728325198848,7.633518914086351,0
Naive,2015,2,2017,5230668.763601395,4725079.203087951,4470313.386988205,4980451.347853857,0,9.66586842645601,640.9996073208337,581.0488858465535,549.3735232359226,612.8920744419852,0,9.352692386950803,10.796389625220778,0
Naive,2015,3,2018,5340356.51562367,4725079.203087951,4412588.195536262,5037861.141378405,0,11.521277853560386,651.1298257189403,581.0488858465535,542.1236804086541,619.9775259056505,0,10.762974925162958,13.23306803901851,0
Naive,2015,4,2019,5409337.703633718,4725079.203087951,4366151.359548113,5086329.618693874,0,12.649580004704033,654.6443394892658,581.0488858465535,536.1261541281657,625.9482121222321,0,11.24205147792606,15.24161243001191,0
Naive,2015,5,2020,5543301.44389638,4725079.203087951,4319930.631155238,5126803.288405061,0,14.760558289850131,666.011942526678,581.0488858465535,530.7216682444238,631.0879283620703,0,12.756986962995967,17.076383750827137,0
Naive,2015,6,2021,6029567.651407573,4725079.203087951,4280334.3788737925,5168105.493860679,0,21.6348588113958,721.6596713207388,581.0488858465535,525.9945993711423,636.2418905680966,0,19.484362374974857,18.788491723201314,0
Naive,2016,1,2017,5230668.763601395,4994006.586104154,4783322.132687509,5201354.69553539,0,4.524510883657946,640.9996073208337,613.7476956742455,587.9035906496455,639.0607901610665,0,4.251470880066859,8.37068505298047,0
Naive,2016,2,2018,5340356.51562367,4994006.586104154,4701568.68624233,5288533.197809305,0,6.4855207420373535,651.1298257189403,613.7476956742455,577.7388574984253,649.8348449197525,0,5.741117756880449,11.753378804109042,0
Naive,2016,3,2019,5409337.703633718,4994006.586104154,4633485.49098108,5355269.589161743,0,7.6780400907594695,654.6443394892658,613.7476956742455,569.588646359085,657.9997556413372,1,6.247154576625019,14.453006533652385,0
Naive,2016,4,2020,5543301.44389638,4994006.586104154,4580823.986566378,5411555.02893409,0,9.909164481701502,666.011942526678,613.7476956742455,562.9307973655384,665.0992972996885,0,7.8473437959919154,16.634560408454917,0
Naive,2016,5,2021,6029567.651407573,4994006.586104154,4523275.150549099,5460050.764823287,0,17.17471509025482,721.6596713207388,613.7476956742455,556.3250840156387,670.6515300127941,0,14.953305544842094,18.75799717366754,0
Naive,2016,6,2022,6384465.217175624,4994006.586104154,4481055.859644748,5505048.782830684,0,21.778779956868263,770.5003415641659,613.7476956742455,550.6610822979812,676.3123830277414,0,20.34426689178389,20.504436778982253,0
Naive,2017,1,2018,5340356.51562367,5230668.763601395,5003665.230827619,5454061.789227628,1,2.0539406255251658,651.1298257189403,640.9996073208337,613.4653013163228,668.0290305416552,1,1.555790872722109,8.610687825124371,0
Naive,2017,2,2019,5409337.703633718,5230668.763601395,4916323.23508012,5547262.474238168,1,3.302972560065943,654.6443394892658,640.9996073208337,602.7576112297852,679.4194838321118,1,2.0842969755267964,12.062305369985559,0
Naive,2017,3,2020,5543301.44389638,5230668.763601395,4841972.889231084,5619940.331172185,1,5.639828240609549,666.011942526678,640.9996073208337,593.9019481381401,688.3016321865371,1,3.7555385434912747,14.873192647080536,0
Naive,2017,4,2021,6029567.651407573,5230668.763601395,4786058.271862069,5679841.163078364,0,13.24968777188658,721.6596713207388,640.9996073208337,586.9800823669018,695.744072117104,0,11.177022522581295,17.08735405758922,0
Naive,2017,5,2022,6384465.217175624,5230668.763601395,4725445.608597623,5730853.154286708,0,18.07193577420175,770.5003415641659,640.9996073208337,579.679962446782,701.7351609039243,0,16.807355851450666,19.221395793314315,0
Naive,2017,6,2023,6468654.8701936295,5230668.763601395,4677264.810602144,5781420.591841921,0,19.138230921804876,771.969704916931,640.9996073208337,573.8166879704328,707.8739558563454,0,16.965704322579683,21.109265968498235,0
Naive,2018,1,2019,5409337.703633718,5340356.51562367,5117158.806336215,5559670.127260306,1,1.2752242841801145,654.6443394892658,651.1298257189403,624.0828411046905,677.7473354382101,1,0.5368584983209987,8.28617564444408,0
Naive,2018,2,2020,5543301.44389638,5340356.51562367,5031522.000432627,5651554.501609945,1,3.6610841089323913,666.011942526678,651.1298257189403,613.4211360501694,688.9306721606235,1,2.234512004586401,11.610320385228201,0
Naive,2018,3,2021,6029567.651407573,5340356.51562367,4959260.50415562,5723711.01899227,0,11.430523308300726,721.6596713207388,651.1298257189403,604.9331032604456,697.6022006175438,0,9.773283502557225,14.314597023629133,0
Naive,2018,4,2022,6384465.217175624,5340356.51562367,4904183.719643951,5782457.115681195,0,16.353894430234668,770.5003415641659,651.1298257189403,597.9168931829219,704.8567980266592,0,15.492597394946722,16.445969355562298,0
Naive,2018,5,2023,6468654.8701936295,5340356.51562367,4843160.5867559705,5834653.766170499,0,17.442549915113737,771.969704916931,651.1298257189403,590.8014016582961,710.9025909144185,0,15.653448370877959,18.56604847473816,0
Naive,2019,1,2020,5543301.44389638,5409337.703633718,5197699.345022342,5617155.196086778,1,2.416677888051116,666.011942526678,654.6443394892658,628.6717337113173,680.2114173381966,1,1.7068166967526808,7.754292189645823,0
Naive,2019,2,2021,6029567.651407573,5409337.703633718,5114154.9549418595,5705686.439951344,0,10.28647464680267,721.6596713207388,654.6443394892658,618.1376401751261,691.2200807881007,0,9.286279183209098,10.935377257221788,0
Naive,2019,3,2022,6384465.217175624,5409337.703633718,5046872.063489574,5772600.988487843,0,15.273440771806499,770.5003415641659,654.6443394892658,609.7797041393605,699.3200976054173,0,15.036463428387952,13.416225141772193,0
Naive,2019,4,2023,6468654.8701936295,5409337.703633718,4992447.981182193,5829940.931538538,0,16.37615837940357,771.969704916931,654.6443394892658,603.2571078681857,706.3977930037901,0,15.198182607475538,15.482356551593357,0
Naive,2020,1,2021,6029567.651407573,5543301.44389638,5336558.04823076,5745435.360763389,0,8.064694446171055,721.6596713207388,666.011942526678,640.4932262438703,691.1036544643653,0,7.7110764264016005,7.376061299766326,0
Naive,2020,2,2022,6384465.217175624,5543301.44389638,5255446.735766042,5833308.635748839,0,13.175164162792013,770.5003415641659,666.011942526678,630.3934951865098,701.7983317883419,0,13.561110021751526,10.42450795489517,0
Naive,2020,3,2023,6468654.8701936295,5543301.44389638,5188482.9203367,5897118.050412459,0,14.305190876098639,771.969704916931,666.011942526678,622.277431952677,709.9092008663074,0,13.72563738128231,12.783629706012531,0
Naive,2021,1,2022,6384465.217175624,6029567.651407573,5753012.375664701,6302615.43828276,0,5.558767315597522,770.5003415641659,721.6596713207388,688.9574940200145,753.7681847549309,0,6.338825255324008,9.115132201721908,0
Naive,2021,2,2023,6468654.8701936295,6029567.651407573,5645089.535546732,6414574.465088357,0,6.787921563249405,771.969704916931,721.6596713207388,676.3039433810725,767.1148048835047,0,6.517099476281388,12.761859125371824,0
Naive,2022,1,2023,6468654.8701936295,6384465.217175624,6091821.561678601,6675112.365866003,1,1.3015016986906445,771.969704916931,770.5003415641658,734.9237419703937,805.6960529142774,1,0.19033950988056095,9.136094948379073,0
Drift,2009,1,2010,4152048.421265119,4137842.1393267745,4087121.180393564,4187562.19144638,1,0.34215116243793914,517.5931846585214,518.0664491309327,511.82873885790406,524.2135981959892,1,0.09143560743048318,2.4273765810978447,0
Drift,2009,2,2011,4235920.825938205,4228815.903804849,4156444.314134746,4301379.37268921,1,0.16773028640785984,526.2887915493195,529.1797808687103,520.2295868298964,538.1574364343822,1,0.5493161484363189,3.427320125807786,0
Drift,2009,3,2012,4333189.879435751,4319789.668282923,4228813.125234799,4410793.754259498,1,0.3092458794944911,536.698435668542,540.2931126064879,529.020270890714,551.4936438270691,1,0.6697759298418995,4.212719669220238,0
Drift,2009,4,2013,4393727.959245902,4410763.432760997,4303747.870411632,4517724.1393362945,1,0.3877225370598274,542.0450192527753,551.4064443442654,538.1551093701385,564.5972361066098,1,1.727056749713354,4.851229774314161,0
Drift,2009,5,2014,4530578.906771354,4501737.197239071,4378762.754842246,4623777.790757201,1,0.6366009758527048,558.1176685195273,562.519776082043,547.4468255947324,577.5461434112694,1,0.7887418390091037,5.442677463829368,0
Drift,2009,6,2015,4725079.203087951,4592710.9617171455,4455066.047536718,4729440.575043055,1,2.801397303230383,581.0488858465535,573.6331078198206,556.6750635204447,590.6593773923142,1,1.2762743733564847,5.974130089905614,0
Drift,2010,1,2011,4235920.825938205,4243732.499840111,4193939.2175613865,4292580.093291439,1,0.184415012057623,526.2887915493195,528.7157581539191,522.662310036214,534.698538125954,1,0.4611473099122843,2.3243895729471413,0
Drift,2010,2,2012,4333189.879435751,4335416.578415101,4264620.926170163,4406522.771802798,1,0.05138706221756175,536.698435668542,539.8383316493168,531.1822110480707,548.540386805798,1,0.5850391527345636,3.27308444450591,0
Drift,2010,3,2013,4393727.959245902,4427100.656990093,4338148.465832652,4516072.065090237,1,0.7595531187579352,542.0450192527753,550.9609051447146,540.0672734849508,561.8241854148966,1,1.6448607726771667,4.018964397763495,0
Drift,2010,4,2014,4530578.906771354,4518784.735565085,4414078.660110625,4623113.276062758,1,0.2603237124651327,558.1176685195273,562.0834786401124,549.2263570800054,574.8552083837614,1,0.7105688180603248,4.6259033829809555,0
Drift,2010,5,2015,4725079.203087951,4610468.814140076,4490635.839744853,4729694.988814286,1,2.4255760384497815,581.0488858465535,573.20605213551,558.6443068219879,587.8050580139638,1,1.3497717493454813,5.18513753604082,0
Drift,2010,6,2016,4994006.586104154,4702152.892715067,4568352.117627641,4835582.215279023,0,5.84407906471672,613.7476956742455,584.3286256309078,567.9274249237915,600.8084111867162,0,4.793349164597472,5.683143524860606,0
Drift,2011,1,2012,4333189.879435751,4327232.920041677,4278775.745964741,4374851.235165232,1,0.13747284471295163,536.698435668542,537.3117395956999,531.3793504910442,543.1518480477195,1,0.11427347023920534,2.220252317722828,0
Drift,2011,2,2013,4393727.959245902,4418545.014145149,4349487.664138258,4488024.632383817,1,0.5648291184488066,542.0450192527753,548.3346876420802,539.8272825306459,556.8766819601773,1,1.1603590413902118,3.135352651202107,0
Drift,2011,3,2014,4530578.906771354,4509857.108248621,4423154.313300581,4596295.396001841,1,0.45737639602220753,558.1176685195273,559.3576356884606,548.6475161075723,570.0394882755766,1,0.22216948842032447,3.839170034557894,0
Drift,2011,4,2015,4725079.203087951,4601169.2023520935,4499359.146220061,4702827.300552378,0,2.622389920043656,581.0488858465535,570.380583734841,557.8249164734293,582.9040547991676,1,1.8360420907045367,4.422096762455629,0
Drift,2011,5,2016,4994006.586104154,4692481.296455565,4575741.571055985,4808425.095217635,0,6.037743131688778,613.7476956742455,581.4035317812214,567.1391748727364,595.6760407610986,0,5.2699446565728785,4.958645745426963,0
Drift,2011,6,2017,5230668.763601395,4783793.390559037,4653400.358790996,4914090.782252892,0,8.54336975325269,640.9996073208337,592.4264798276017,576.453394536126,608.5710325026685,0,7.577715639523016,5.449449885866244,0
Drift,2012,1,2013,4393727.959245902,4424772.7444207715,4377438.389954917,4471201.193058175,1,0.7065704900901095,542.0450192527753,547.7062931879912,541.9331061976083,553.3981223448814,1,1.0444287345394412,2.1190422315244124,0
Drift,2012,2,2014,4530578.906771354,4516355.609405792,4448956.194803414,4584179.289598459,1,0.3139399546557742,558.1176685195273,558.7141507074402,550.4276550725915,567.0230419221405,1,0.10687391235886451,2.9940754557375624,0
Drift,2012,3,2015,4725079.203087951,4607938.474390813,4523242.331107661,4692245.395626506,0,2.4791273047991167,581.0488858465535,569.7220082268894,559.3295744648585,580.0986896038738,0,1.9493846207383183,3.6676501966790593,0
Drift,2012,4,2016,4994006.586104154,4699521.339375834,4600263.6111269565,4798627.337427444,0,5.896773295167977,613.7476956742455,580.7298657463386,568.5200383288186,592.8911352369258,0,5.379707355419791,4.22093468622983,0
Drift,2012,5,2017,5230668.763601395,4791104.204360855,4677781.254756308,4903810.783990498,0,8.403601510753925,640.9996073208337,591.7377232657877,577.8904249798762,605.574347963157,0,7.685166027003403,4.717691780288516,0
Drift,2012,6,2018,5340356.51562367,4882687.069345876,4756015.172926824,5009346.599540147,0,8.570016719648647,651.1298257189403,602.7455807852369,587.2472914896355,618.4060371106443,0,7.430813798197657,5.188360896682689,0
Drift,2013,1,2014,4530578.906771354,4483961.05096245,4435983.441480158,4531277.904879737,1,1.0289602447764423,558.1176685195273,552.8166526384232,546.7844166064982,558.8199734836895,1,0.9498025560032378,2.125229508385773,0
Drift,2013,2,2015,4725079.203087951,4574194.142678998,4505731.988518227,4642971.9136953605,0,3.193281084269353,581.0488858465535,563.588286024071,554.9297036752802,572.2891346490863,0,3.005013906367534,3.0003082706226243,0
Drift,2013,3,2016,4994006.586104154,4664427.234395546,4578844.069716776,4749981.326419345,0,6.599497738462416,613.7476956742455,574.3599194097188,563.5431070280189,585.1563720119376,0,6.417584382334243,3.6689875970323,0
Drift,2013,4,2017,5230668.763601395,4754660.326112094,4654096.00784176,4854981.43048345,0,9.100336094720744,640.9996073208337,585.1315527953668,572.3325283164623,597.8366722339747,0,8.71577047589418,4.225021533892721,0
Drift,2013,5,2018,5340356.51562367,4844893.417828643,4730331.477811536,4959244.077261258,0,9.277715754472714,651.1298257189403,595.9031861810147,581.4551900768136,610.4097487895918,0,8.48166331145214,4.724822193350022,0
Drift,2013,6,2019,5409337.703633718,4935126.509545191,4807665.450207975,5063866.007656462,0,8.766529657964893,654.6443394892658,606.6748195666626,590.5299364943456,623.0192372865187,0,7.327569647975212,5.191367575946854,0
Drift,2014,1,2015,4725079.203087951,4622754.409146607,4571965.397564692,4672407.408758057,0,2.1655678041221504,581.0488858465535,569.0990217190875,562.8446523773894,575.2769428164255,0,2.056602192783783,2.1727741148140978,0
Drift,2014,2,2016,4994006.586104154,4714929.9115218595,4642882.254732031,4787487.487474715,0,5.58823200912122,613.7476956742455,580.080374918648,571.1734802914802,589.037651106404,0,5.4855311055158555,3.066964630573036,0
Drift,2014,3,2017,5230668.763601395,4807105.413897112,4716830.843070093,4897516.469211361,0,8.097690158698818,640.9996073208337,591.0617281182081,579.8765174084506,602.2274340969427,0,7.790625553009216,3.7587198653666976,0
Drift,2014,4,2018,5340356.51562367,4899280.916272365,4793165.85802275,5005434.631238827,0,8.259291267556785,651.1298257189403,602.0430813177684,588.9299417050993,615.1220812368224,0,7.538703106860932,4.33265160425995,0
Drift,2014,5,2019,5409337.703633718,4991456.418647617,4870248.966607443,5111723.486821408,0,7.725183892759915,654.6443394892658,613.0244345173287,598.1547300525269,627.8956312475409,0,6.357636118019094,4.837756757964248,0
Drift,2014,6,2020,5543301.44389638,5083631.92102287,4948897.555225689,5218647.840450267,0,8.29234216334462,666.011942526678,624.005787716889,607.3934717745965,640.7582922669429,0,6.307117354446897,5.306251306453799,0
Drift,2015,1,2016,4994006.586104154,4821347.697220858,4756908.636995458,4884533.99604536,0,3.457322010021365,613.7476956742455,592.5011752642856,584.7904756110714,600.0690367564684,0,3.461767850161795,2.6470888860280426,0
Drift,2015,2,2017,5230668.763601395,4917616.191353764,4826053.16477236,5009381.0006061485,0,5.984943539649593,640.9996073208337,603.9534646820175,592.9830329838279,614.9776783342932,0,5.7794329693362485,3.727981784266103,0
Drift,2015,3,2018,5340356.51562367,5013884.685486671,4899595.000635127,5128467.307465711,0,6.113296540818543,651.1298257189403,615.4057540997496,601.6638478274925,629.1218378542825,0,5.486474464558002,4.564770057298769,0
Drift,2015,4,2019,5409337.703633718,5110153.179619577,4976226.247129082,5245337.855513411,0,5.530890109026923,654.6443394892658,626.8580435174816,610.7351538172734,642.9682280101596,0,4.244487318635065,5.266214121674583,0
Drift,2015,5,2020,5543301.44389638,5206421.673752483,5052539.245489938,5358948.257741671,0,6.077240676038445,666.011942526678,638.3103329352138,619.9230087131403,656.5445137255948,0,4.159326255678161,5.88521313585596,0
Drift,2015,6,2021,6029567.651407573,5302690.167885389,5130995.710141499,5473349.11644304,0,12.055217314835138,721.6596713207388,649.7626223529458,629.3074394631418,670.2542142601819,0,9.96273615182227,6.4562211908010685,0
Drift,2016,1,2017,5230668.763601395,5096915.806732572,5003880.744959338,5188325.155801753,0,2.5570909364318584,640.9996073208337,626.0154641337721,614.7422785006152,637.0578347122229,0,2.337621274011439,3.6187454891599407,0
Drift,2016,2,2018,5340356.51562367,5199825.027360989,5068348.931508659,5331958.898880446,0,2.6315001227267207,651.1298257189403,638.2832325932986,622.2845698626298,654.3116863377035,1,1.9729695397468854,5.06959303408665,0
Drift,2016,3,2019,5409337.703633718,5302734.247989407,5137892.319152942,5468187.172022557,1,1.9707302720756479,654.6443394892658,650.5510010528253,630.599507323963,670.5539345927102,1,0.6252766868241757,6.228764962054247,0
Drift,2016,4,2020,5543301.44389638,5405643.468617825,5213949.392159032,5600113.734881018,1,2.4833211159773367,666.011942526678,662.8187695123519,639.444391470134,686.4205772445026,1,0.4794468102496867,7.143725718572509,0
Drift,2016,5,2021,6029567.651407573,5508552.689246242,5285987.123963347,5728921.9794125585,0,8.641000354970775,721.6596713207388,675.0865379718783,648.2455154558398,701.6989593143333,0,6.4536145221507315,8.040857198550649,0
Drift,2016,6,2022,6384465.217175624,5611461.90987466,5365193.016816439,5856952.021314182,0,12.10756548914096,770.5003415641659,687.354306431405,657.3929416959072,717.0693124659138,0,10.79117433795928,8.763473982285792,0
Drift,2017,1,2018,5340356.51562367,5338531.797447177,5233693.2295169635,5441930.813049805,1,0.03416847117144805,651.1298257189403,653.8335459662113,641.2411746960673,666.1954746995028,1,0.4152352020252973,3.900652678184265,0
Drift,2017,2,2019,5409337.703633718,5446394.831292958,5298486.099214349,5595429.360900483,1,0.6850584986466404,654.6443394892658,666.667484611589,648.8807662196717,684.5281405584059,1,1.8365919319952073,5.452106776761917,0
Drift,2017,3,2020,5543301.44389638,5554257.865138739,5368200.936999154,5740700.074156907,1,0.19765155031254872,666.011942526678,679.5014232569667,657.2042173398758,701.8689402900852,1,2.025411237989684,6.706551013696021,0
Drift,2017,4,2021,6029567.651407573,5662120.898984522,5445776.983365912,5880747.783185904,0,6.09408126198357,721.6596713207388,692.3353619023445,666.3607136502255,718.6574869495981,0,4.063454088369194,7.6821178420616585,0
Drift,2017,5,2022,6384465.217175624,5769983.932830302,5520339.415885869,6017161.892250011,0,9.624632031704577,770.5003415641659,705.169300547722,675.177575284296,734.8500417849976,0,8.479041149263821,8.610465508184511,0
Drift,2017,6,2023,6468654.8701936295,5877846.966676084,5599957.723333047,6154083.790420366,0,9.133396592850845,771.969704916931,718.0032391930997,684.6548454133213,751.2031092746307,0,6.990749168017995,9.427364649486227,0
Drift,2018,1,2019,5409337.703633718,5448284.717975755,5345416.814376469,5549435.633160294,1,0.7199959861236692,654.6443394892658,663.8805233708046,651.558323847819,676.0076299859277,1,1.4108705024081547,3.7446431187910827,0
Drift,2018,2,2020,5543301.44389638,5556212.92032784,5411255.145854904,5702027.012167116,1,0.23292033749448518,666.011942526678,676.6312210226688,659.1619474823788,694.1621720453941,1,1.594457669288027,5.233274362982018,0
Drift,2018,3,2021,6029567.651407573,5664141.122679925,5482374.538555375,5846650.976415357,0,6.06057597914739,721.6596713207388,689.3819186745333,667.6359935708524,711.2830613276499,0,4.472711158589847,6.4312740443802365,0
Drift,2018,4,2022,6384465.217175624,5772069.32503201,5561245.110018328,5985840.866314776,0,9.591968494027254,770.5003415641659,702.1326163263975,676.6536205400035,727.8226712589822,0,8.87315962754506,7.356040483697651,0
Drift,2018,5,2023,6468654.8701936295,5879997.527384095,5635353.795730557,6122389.86491097,0,9.10015072100939,771.969704916931,714.8833139782618,685.5601180472005,743.9593539643008,0,7.394900418380041,8.282929829684583,0
Drift,2019,1,2020,5543301.44389638,5515922.90549125,5414134.6326303175,5615800.0762428595,1,0.49390311319397184,666.011942526678,667.0909561459305,654.653689557689,679.3331909483722,1,0.16201115180592168,3.6560598664600374,0
Drift,2019,2,2021,6029567.651407573,5622508.107348782,5478104.953921577,5767219.409785116,0,6.7510569180489295,721.6596713207388,679.5375728025953,661.764795514585,697.3587315599829,0,5.836836973452338,5.142090510917327,0
Drift,2019,3,2022,6384465.217175624,5729093.309206313,5549157.938973163,5909638.866846511,0,10.265102646439601,770.5003415641659,691.9841894592598,669.7941710080917,714.0989960294482,0,10.190281284692638,6.292111306584523,0
Drift,2019,4,2023,6468654.8701936295,5835678.511063846,5625549.96834,6047966.945967767,0,9.785285686618128,771.969704916931,704.4308061159247,678.6096610149557,730.4360987292758,0,8.748905348335393,7.2385237950806935,0
Drift,2020,1,2021,6029567.651407573,5650799.26370075,5549988.877197557,5749298.288041983,0,6.281849870585695,721.6596713207388,678.4304284808189,666.1746018167594,690.4967413562973,0,5.9902533781338,3.527101239018292,0
Drift,2020,2,2022,6384465.217175624,5758297.083505119,5615604.541353149,5902021.388485443,0,9.80768337473238,770.5003415641659,690.8489144349597,673.4618154865018,708.320785172505,0,10.337623857182015,4.973985242142967,0
Drift,2020,3,2023,6468654.8701936295,5865794.903309489,5687163.080033466,6043605.15621254,0,9.319711423498703,771.969704916931,703.2674003891007,681.5617778695035,725.0623772549225,0,8.899611486078097,6.0766201692113215,0
Drift,2021,1,2022,6384465.217175624,6149283.80629926,5980266.136911734,6316167.204263183,0,3.683650906949487,770.5003415641659,735.4732199999801,715.641982505068,754.9369225368101,0,4.546022847060451,5.4624420978481405,0
Drift,2021,2,2023,6468654.8701936295,6268999.961190946,6030425.75356947,6507553.755921966,1,3.0864980897752976,771.969704916931,749.2867686792213,721.3617554953295,777.2722301014772,1,2.9383194823883163,7.6109109157157295,0
Drift,2022,1,2023,6468654.8701936295,6511530.791157197,6326128.51828644,6695533.811302836,1,0.6628259170408369,771.969704916931,785.3738004248842,762.8028964209608,807.7163996697333,1,1.7363499399753628,5.673094466788931,0
