model,Year,draws,n_group_draws_nonpositive,pct_group_draws_nonpositive,n_total_draws_nonpositive,pct_total_draws_nonpositive
ARIMA,2024,50000,0,0,0,0
ARIMA,2025,50000,0,0,0,0
ARIMA,2026,50000,0,0,0,0
ARIMA,2027,50000,0,0,0,0
ARIMA,2028,50000,0,0,0,0
ARIMA,2029,50000,0,0,0,0
ARIMA,2030,50000,0,0,0,0
ARIMA,2031,50000,0,0,0,0
ARIMA,2032,50000,0,0,0,0
ARIMA,2033,50000,0,0,0,0
ARIMA,2034,50000,0,0,0,0
ARIMA,2035,50000,0,0,0,0
ARIMA,2036,50000,0,0,0,0
ARIMA,2037,50000,0,0,0,0
ARIMA,2038,50000,0,0,0,0
ARIMA,2039,50000,0,0,0,0
ARIMA,2040,50000,0,0,0,0
ARIMA,2041,50000,0,0,0,0
ARIMA,2042,50000,0,0,0,0
ARIMA,2043,50000,0,0,0,0
ARIMA,2044,50000,0,0,0,0
ARIMA,2045,50000,0,0,0,0
ARIMA,2046,50000,0,0,0,0
ARIMA,2047,50000,0,0,0,0
ARIMA,2048,50000,0,0,0,0
ARIMA,2049,50000,0,0,0,0
ARIMA,2050,50000,0,0,0,0
