Sex,Income Group,Countries,DALYs (thousands; point estimate),VLW (billion constant-2023 USD; point estimate),VLW undiscounted (billion constant-2023 USD)
Both,Low income,20,142.8,1.95,0.99
Both,Lower middle income,50,1467.5,88.59,40.27
Both,Upper middle income,52,4858.3,681.43,283.3
Female,Low income,20,66.4,0.89,0.45
Female,Lower middle income,50,618.2,36.38,16.45
Female,Upper middle income,52,1898.4,264.08,107.39
Male,Low income,20,76.4,1.06,0.54
Male,Lower middle income,50,849.3,52.21,23.82
Male,Upper middle income,52,2959.9,417.36,175.91
