model,Year,Group,derived_VLW_billion,direct_VLW_billion,difference_billion,percent_difference
ETS,2024,Low income,2.080968273743164,2.085330273584192,0.00436199984102803,0.2096139521234428
ETS,2024,Lower middle income,93.144189723254,93.24057115957595,0.0963814363219484,0.10347552177791526
ETS,2024,Upper middle income,697.499750864462,696.6780652324724,-0.8216856319896806,-0.11780443376091618
ETS,2025,Low income,2.209234203420767,2.2173531935899518,0.008118990169184936,0.36750246563327393
ETS,2025,Lower middle income,97.62234331201228,97.88141150896715,0.25906819695487115,0.2653779741046159
ETS,2025,Upper middle income,713.242209243086,711.6151512058988,-1.6270580371872256,-0.22812138935438334
ETS,2026,Low income,2.334934809056727,2.346192849408023,0.01125804035129585,0.4821565170739779
ETS,2026,Lower middle income,102.01093376242659,102.4294349964236,0.4185012339970058,0.41025135106757665
ETS,2026,Upper middle income,728.6698173593869,726.2534528182174,-2.4163645411695143,-0.3316130960283401
ETS,2027,Low income,2.4581213972408396,2.4719259941573952,0.013804596916555667,0.5615913409342139
ETS,2027,Lower middle income,106.3117523385952,106.88649796028294,0.5747456216877396,0.5406228465289675
ETS,2027,Upper middle income,743.7888722405064,740.5989466096049,-3.1899256309014845,-0.42887514857442133
ETS,2028,Low income,2.578844248428924,2.5946275303279793,0.015783281899055535,0.6120292805069938
ETS,2028,Lower middle income,110.52655447930778,111.25441961209407,0.7278651327862917,0.6585432217762284
ETS,2028,Upper middle income,758.6055449726053,754.657489572373,-3.948055400232306,-0.5204358742691338
ETS,2029,Low income,2.6971526374655475,2.7143705544019583,0.017217916936410838,0.6383738427421787
ETS,2029,Lower middle income,114.65706051455207,115.53498277915338,0.8779222646013096,0.7656940276171526
ETS,2029,Upper middle income,773.1258832196921,768.4348215422668,-4.691061677425296,-0.606765570684209
ETS,2030,Low income,2.8130948536962936,2.831226400399255,0.018131546702961465,0.6445408934269437
ETS,2030,Lower middle income,118.70495636769056,119.72993463219022,1.0249782644996657,0.8634671170130239
ETS,2030,Upper middle income,787.3558136920742,781.9365675419307,-5.419246150143522,-0.688284261816974
ETS,2031,Low income,2.9267182206777838,2.9452646823730544,0.018546461695270633,0.6336948177735933
ETS,2031,Lower middle income,122.67189424359336,123.84098739849865,1.1690931549052976,0.9530244577325866
ETS,2031,Upper middle income,801.3011445654415,795.1682400774982,-6.132904487943279,-0.7653682425811648
ETS,2032,Low income,3.0380691154934953,3.0565533358806993,0.018484220387203987,0.608420009042535
ETS,2032,Lower middle income,126.55949330300865,127.86981906080662,1.310325757797969,1.035343713537781
ETS,2032,Upper middle income,814.9675678515654,808.1352413892434,-6.83232646232193,-0.8383556268789263
ETS,2033,Low income,3.147192987683267,3.1651586584546583,0.017965670771391107,0.5708474453807206
ETS,2033,Lower middle income,130.36934032344556,131.8180740421676,1.4487337187220533,1.111253393725667
ETS,2033,Upper middle income,828.3606617215864,820.8428656572128,-7.51779606437367,-0.9075510718663768
ETS,2034,Low income,3.254134377794211,3.2711453490976847,0.01701097130347362,0.5227495035101891
ETS,2034,Lower middle income,134.10299034683948,135.68736387715458,1.584373530315105,1.1814602539565557
ETS,2034,Upper middle income,841.4858927828343,833.2963011627382,-8.189591620096053,-0.9732298176755738
ETS,2035,Low income,3.358936935560605,3.3745765468256863,0.0156396112650814,0.46561193511872695
ETS,2035,Lower middle income,137.76196731426396,139.47926786962995,1.7173005553659948,1.2465708706441974
ETS,2035,Upper middle income,854.3486183101119,845.500632406714,-8.847985903397898,-1.0356411555857696
ETS,2036,Low income,3.4616434377201855,3.475513868281273,0.013870430561087499,0.40068917583904795
ETS,2036,Lower middle income,141.3477646879484,143.19533373736016,1.84756904941176,1.3071087848404352
ETS,2036,Upper middle income,866.9540884323537,857.4608421855013,-9.493246246852436,-1.0950114168119724
ETS,2037,Low income,3.5622958054741196,3.5740174444403863,0.011721638966266656,0.3290473224669948
ETS,2037,Lower middle income,144.8618460608554,146.83707824373806,1.9752321828826496,1.3635282419726094
ETS,2037,Upper middle income,879.3074482755504,869.1818136253096,-10.12563465024084,-1.1515465574752812
ETS,2038,Low income,3.660935121597769,3.6701459564338763,0.009210834836107296,0.2515978713134731
ETS,2038,Lower middle income,148.3056457540667,150.40598781687063,2.1003420628039464,1.4162252907666888
ETS,2038,Upper middle income,891.4137400628148,880.668332175884,-10.74540788693082,-1.2054344020065957
ETS,2039,Low income,3.7576016472092437,3.7639566705053746,0.006355023296130913,0.16912445471304188
ETS,2039,Lower middle income,151.6805694022208,153.90351915628517,2.2229497540643592,1.4655468151425677
ETS,2039,Upper middle income,903.2779051724472,891.9250875643135,-11.352817608133705,-1.25684659650413
ETS,2040,Low income,3.852334838202582,3.855505472126275,0.0031706339236929892,0.08230421437541344
ETS,2040,Lower middle income,154.98799452724285,157.3310998275011,2.3431053002582587,1.5117979346757737
ETS,2040,Upper middle income,914.9047861548377,902.9566757097571,-11.948110445080601,-1.305940314871029
ETS,2041,Low income,3.945173361352265,3.9448468992881582,-3.264620641068028e-4,-0.008274973852984327
ETS,2041,Lower middle income,158.22927110059882,160.69012884471064,2.46085774411182,1.5552481073791073
ETS,2041,Upper middle income,926.2991287090324,913.7676005998707,-12.53152810916174,-1.3528597534823035
ETS,2042,Low income,4.036155110095641,4.032034174992484,-0.004120935103157031,-0.10210051375006202
ETS,2042,Lower middle income,161.4057220943053,163.98197724180554,2.576255147500234,1.5961361927398043
ETS,2042,Upper middle income,937.4655836197661,924.3622761296994,-13.103307490066754,-1.3977374443413622
ETS,2043,Low income,4.125317219999704,4.117119238956912,-0.008197981042791902,-0.19872365216056018
ETS,2043,Lower middle income,164.518644020919,167.20798863198348,2.6893446110644845,1.634674675973215
ETS,2043,Upper middle income,948.4087086557557,934.7450279037863,-13.663680751969423,-1.4406954119322553
ETS,2044,Low income,4.212696083918526,4.200152778557135,-0.012543305361390367,-0.2977500657897674
ETS,2044,Lower middle income,167.56930746272607,170.36947975616235,2.800172293436276,1.6710532112565681
ETS,2044,Upper middle income,959.1329704300268,944.9200950022358,-14.212875427791005,-1.4818461950503765
ETS,2045,Low income,4.298327366847559,4.281184259022665,-0.01714310782489381,-0.3988320656336317
ETS,2045,Lower middle income,170.55895759034823,173.467741020426,2.9087834300777615,1.7054416086806377
ETS,2045,Upper middle income,969.6427462230338,954.8916317114482,-14.75111451158557,-1.521293751646606
ETS,2046,Low income,4.3822460204808245,4.360261952904548,-0.0219840675762768,-0.5016621037142202
ETS,2046,Lower middle income,173.4888146709761,176.5040370227214,3.015222351745308,1.737992364213058
ETS,2046,Upper middle income,979.9423257693174,964.6637092202367,-15.278616549080766,-1.5591342620175197
ETS,2047,Low income,4.4644862974769834,4.437432968832571,-0.027053328644412566,-0.6059673351377789
ETS,2047,Lower middle income,176.36007456643839,179.47960706902154,3.119532502583155,1.7688428122136932
ETS,2047,Upper middle income,990.0359130084295,974.2403172820156,-15.795595726413922,-1.5954568434205307
ETS,2048,Low income,4.545081765440066,4.5127432795790945,-0.03233848586097121,-0.7115050406104217
ETS,2048,Lower middle income,179.1739092213095,182.39566567916535,3.221756457855861,1.7981169646058552
ETS,2048,Upper middle income,999.9276278008385,983.6253658437415,-16.302261957097016,-1.6303441873039268
ETS,2049,Low income,4.624065320620598,4.586237749446227,-0.037827571174370966,-0.8180587546132265
ETS,2049,Lower middle income,181.93146714125484,185.25340308258055,3.3219359413257052,1.8259270886583325
ETS,2049,Upper middle income,1009.6215076095172,992.82268664227,-16.79882096724714,-1.6638731287551254
ETS,2050,Low income,4.701469201342696,4.657960160992646,-0.043509040350049766,-0.9254349754673281
ETS,2050,Lower middle income,184.63387386180958,188.0539857040922,3.420111842282637,1.852375065716512
ETS,2050,Upper middle income,1019.1215091478973,1001.8360347687807,-17.285474379116636,-1.6961151564320607
ARIMA,2024,Low income,2.083540537879288,2.0873369901450856,0.003796452265797612,0.18221158632515952
ARIMA,2024,Lower middle income,93.12106419412231,93.41112230699747,0.29005811287515826,0.31148496356366423
ARIMA,2024,Upper middle income,657.921596376467,650.7863042946813,-7.135292081785792,-1.0845201192792175
ARIMA,2025,Low income,2.217035974448666,2.224628878980261,0.007592904531595224,0.3424799876548432
ARIMA,2025,Lower middle income,97.65627697627112,98.23639320202139,0.5801162257502739,0.5940388510727607
ARIMA,2025,Upper middle income,659.7751802180418,648.980068982982,-10.795111235059835,-1.636180256355245
ARIMA,2026,Low income,2.3505314110180433,2.3619207678154366,0.01138935679739328,0.48454390968808253
ARIMA,2026,Lower middle income,102.1914897584199,103.06166409704531,0.8701743386254037,0.851513507320904
ARIMA,2026,Upper middle income,694.7636045882964,690.5559388182656,-4.207665770030758,-0.6056255310788969
ARIMA,2027,Low income,2.484026847587421,2.499212656650612,0.015185809063190892,0.6113383628659211
ARIMA,2027,Lower middle income,106.7267025405687,107.88693499206923,1.1602324515005336,1.0871060605095606
ARIMA,2027,Upper middle income,728.7368524353546,732.3760923891573,3.639239953802644,0.49939013536103233
ARIMA,2028,Low income,2.6175222841567987,2.6365045454857876,0.018982261328988947,0.7251996074258386
ARIMA,2028,Lower middle income,111.2619153227175,112.71220588709315,1.4502905643756492,1.303492358700685
ARIMA,2028,Upper middle income,734.7098036643156,735.1397140030153,0.4299103386997558,0.05851430545170447
ARIMA,2029,Low income,2.7510177207261766,2.773796434320963,0.02277871359478656,0.8280104276745168
ARIMA,2029,Lower middle income,115.79712810486629,117.53747678211707,1.740348677250779,1.5029290499110766
ARIMA,2029,Upper middle income,724.6895684146878,713.9974280904653,-10.692140324222464,-1.4754097188969224
ARIMA,2030,Low income,2.884513157295554,2.9110883231561386,0.026575165860584615,0.9213050664501323
ARIMA,2030,Lower middle income,120.33234088701509,122.36274767714099,2.0304067901258946,1.6873325783899822
ARIMA,2030,Upper middle income,728.2077249459446,713.6534516568378,-14.554273289106845,-1.9986430781391695
ARIMA,2031,Low income,3.018008593864932,3.048380211991314,0.030371618126382227,1.0063463102166859
ARIMA,2031,Lower middle income,124.86755366916388,127.1880185721649,2.3204649030010245,1.858340965939869
ARIMA,2031,Upper middle income,753.0907635704132,747.5261588973783,-5.564604673034864,-0.7389022601542742
ARIMA,2032,Low income,3.15150403043431,3.1856721008264897,0.03416807039217984,1.0841829825447225
ARIMA,2032,Lower middle income,129.4027664513127,132.01328946718883,2.61052301587614,2.01736260163985
ARIMA,2032,Upper middle income,779.6243713598357,783.353412723168,3.729041363332385,0.4783125695298776
ARIMA,2033,Low income,3.2849994670036873,3.322963989661665,0.037964522657977895,1.155693419110539
ARIMA,2033,Lower middle income,133.9379792334615,136.83856036221275,2.9005811287512415,2.1656151192899245
ARIMA,2033,Upper middle income,789.4836393520973,789.4441408098339,-0.03949854226334537,-0.005003085598551542
ARIMA,2034,Low income,3.418494903573065,3.4602558784968407,0.04176097492377551,1.221618756258091
ARIMA,2034,Lower middle income,138.47319201561032,141.66383125723667,3.190639241626343,2.3041566350739258
ARIMA,2034,Upper middle income,787.952698631444,775.7353402182605,-12.217358413183547,-1.5505192677686455
ARIMA,2035,Low income,3.5519903401424426,3.597547767332016,0.04555742718957356,1.2825887130015847
ARIMA,2035,Lower middle income,143.00840479775917,146.48910215226059,3.480697354501416,2.4339110413991247
ARIMA,2035,Upper middle income,793.3615718355092,776.8925437548837,-16.469028080625435,-2.0758540198163296
ARIMA,2036,Low income,3.685485776711821,3.7348396561671917,0.04935387945537073,1.3391417697833068
ARIMA,2036,Lower middle income,147.543617579908,151.3143730472845,3.7707554673765173,2.55568863582616
ARIMA,2036,Upper middle income,812.3615953593737,804.9579290724358,-7.4036662869378915,-0.9113757136269652
ARIMA,2037,Low income,3.818981213281199,3.8721315450023672,0.05315033172116834,1.391741115047344
ARIMA,2037,Lower middle income,152.0788303620568,156.13964394230842,4.060813580251619,2.6702030588898973
ARIMA,2037,Upper middle income,833.794643788052,835.9068091528288,2.1121653647768426,0.2533196129901919
ARIMA,2038,Low income,3.952476649850577,4.009423433837543,0.056946783986965954,1.4407873602268801
ARIMA,2038,Lower middle income,156.61404314420562,160.96491483733234,4.35087169312672,2.778085289018792
ARIMA,2038,Upper middle income,845.4519334167385,844.2872456002563,-1.1646878164822283,-0.1377591996005446
ARIMA,2039,Low income,4.085972086419955,4.146715322672718,0.060743236252763566,1.4866287622142214
ARIMA,2039,Lower middle income,161.14925592635444,165.79018573235626,4.640929806001822,2.879895274305664
ARIMA,2039,Upper middle income,849.2197249471996,836.3756145350295,-12.84411041217004,-1.5124602072765827
ARIMA,2040,Low income,4.2194675229893335,4.284007211507894,0.06453968851856029,1.5295695053208125
ARIMA,2040,Lower middle income,165.68446870850326,170.61545662738018,4.930987918876923,2.9761316539284377
ARIMA,2040,Upper middle income,856.3276346223289,838.979186123626,-17.34844849870285,-2.0259124892488303
ARIMA,2041,Low income,4.352962959558711,4.421299100343069,0.0683361407843579,1.5698764593045282
ARIMA,2041,Lower middle income,170.2196814906521,175.4407275224041,5.221046031751996,3.067239925506921
ARIMA,2041,Upper middle income,871.9676414403373,862.6827583776826,-9.284883062654671,-1.0648196815328694
ARIMA,2042,Low income,4.486458396128089,4.558590989178245,0.07213259305015551,1.6077847308783138
ARIMA,2042,Lower middle income,174.75489427280093,180.26599841742802,5.511104144627097,3.153619340711565
ARIMA,2042,Upper middle income,889.9755571461649,889.6794020002915,-0.2961551458733993,-0.0332767729962229
ARIMA,2043,Low income,4.619953832697467,4.69588287801342,0.07592904531595313,1.6435022527404823
ARIMA,2043,Lower middle income,179.29010705494974,185.09126931245194,5.801162257502199,3.2356287543094773
ARIMA,2043,Upper middle income,902.3519235790953,899.6048712863859,-2.7470522927094407,-0.3044324748390309
ARIMA,2044,Low income,4.753449269266846,4.833174766848596,0.07972549758174985,1.677213599337443
ARIMA,2044,Lower middle income,183.82531983709856,189.91654020747586,6.0912203703773,3.3135916073885734
ARIMA,2044,Upper middle income,909.3843176210331,896.2018584490883,-13.182459171944856,-1.4496026505526753
ARIMA,2045,Low income,4.886944705836224,4.970466655683771,0.08352194984754746,1.7090831772211692
ARIMA,2045,Lower middle income,188.36053261924738,194.74181110249978,6.381278483252402,3.3878001906861983
ARIMA,2045,Upper middle income,917.8604410595836,900.1433466397336,-17.717094419850014,-1.9302601601826628
ARIMA,2046,Low income,5.020440142405602,5.107758544518947,0.08731840211334507,1.7392579064094857
ARIMA,2046,Lower middle income,192.8957454013962,199.5670819975237,6.671336596127503,3.4585193065016226
ARIMA,2046,Upper middle income,931.6235595445453,920.5838090388766,-11.039750505668735,-1.1850012156268224
ARIMA,2047,Low income,5.15393557897498,5.245050433354122,0.09111485437914268,1.7678694850365924
ARIMA,2047,Lower middle income,197.43095818354504,204.39235289254762,6.961394709002576,3.5259894258988487
ARIMA,2047,Upper middle income,947.3716236731618,944.39251367699,-2.9791099961718146,-0.3144605476593409
ARIMA,2048,Low income,5.287431015544358,5.382342322189298,0.0949113066449403,1.795036310940293
ARIMA,2048,Lower middle income,201.96617096569386,209.21762378757154,7.2514528218776775,3.590429420533707
ARIMA,2048,Upper middle income,959.9412777694995,955.3336057570118,-4.607672012487683,-0.47999519545549474
ARIMA,2049,Low income,5.420926452113736,5.519634211024473,0.09870775891073702,1.8208651193238148
ARIMA,2049,Lower middle income,206.50138374784268,214.04289468259546,7.541510934752779,3.6520389345001494
ARIMA,2049,Upper middle income,968.9585691064469,955.427459440779,-13.531109665667941,-1.3964590537803947
ARIMA,2050,Low income,5.554421888683114,5.656926099859649,0.10250421117653463,1.8454523842595099
ARIMA,2050,Lower middle income,211.0365965299915,218.86816557761938,7.83156904762788,3.711000450348381
ARIMA,2050,Upper middle income,978.4682693529218,960.5717362997043,-17.896533053217468,-1.8290356073634109
